Zip,Total Housing Units,% of housing units built 1950 - 1959,% built 1940 - 1949,% built 1939 or earlier,% of housing units built before 1950
06390,820,14.4,7.2,46.5,53.7
07421,3285,23.8,13.3,8.8,22.1
10001,13836,3.2,2.6,33,35.6
10002,35803,14.3,10,37.2,47.2
10003,31083,10.9,5.2,51.4,56.6
10004,2044,1,2.2,67,69.2
10005,5442,5.5,3.7,49.2,52.9
10006,2167,3,1.7,63.7,65.4
10007,3188,1.4,0.5,27.5,28
10009,31256,11.5,29,32.4,61.4
10010,17847,8,12.4,25.7,38.1
10011,33543,7.3,6.4,50.7,57.1
10012,14180,6.9,4,67.3,71.3
10013,14178,3.4,2.5,60,62.5
10014,21756,5.5,4,69.8,73.8
10016,35421,11.8,5.3,24.2,29.5
10017,12720,8.1,4.3,42,46.3
10018,5859,1.5,3.3,27.3,30.6
10019,32827,5.9,6.8,30.4,37.2
10021,30615,14.8,7.4,28.7,36.1
10022,23904,19.2,5.8,28.2,34
10023,41182,5.5,4.6,49.5,54.1
10024,33872,3.4,3.4,74.9,78.3
10025,48734,7.3,3.9,60.6,64.5
10026,17085,11.2,6.4,41.2,47.6
10027,26298,16.3,4.8,47.4,52.2
10028,29368,13.8,4.5,35.7,40.2
10029,33769,16.8,9.9,23.8,33.7
10030,13563,7.3,7.2,43.5,50.7
10031,23957,3.7,7.6,71.8,79.4
10032,22226,5.2,13.4,64,77.4
10033,20654,7.4,12,64.8,76.8
10034,16724,11.5,12.6,64.6,77.2
10035,15233,14.7,6.1,24.3,30.4
10036,19522,3.1,2.5,28.3,30.8
10037,10534,23.3,18.7,14.3,33
10038,11508,12.9,6,27.5,33.5
10039,11827,14.3,6.3,25.5,31.8
10040,17309,12.2,11.9,59,70.9
10044,5429,1.7,0.2,4,4.2
10065,21614,15.1,8.1,32.5,40.6
10069,3625,0,0,0,0
10075,12954,13.5,9.9,34.6,44.5
10128,35160,6.8,4.7,35.4,40.1
10162,709,0,3.4,0,3.4
10280,5347,0,0,0.6,0.6
10282,2900,0,0,0.5,0.5
10301,16293,13.1,7.6,40.9,48.5
10302,6807,12,9.6,46.9,56.5
10303,9240,7.3,3.1,24.7,27.8
10304,16178,12.9,4.4,29,33.4
10305,15903,11.5,4.2,17.2,21.4
10306,21566,15,5.1,13.4,18.5
10307,5421,3.2,2.2,22.9,25.1
10308,11247,7.9,2.3,13.5,15.8
10309,11882,2.5,0.4,7.2,7.6
10310,9311,11.4,8,44.4,52.4
10312,22218,5.3,1.6,5.6,7.2
10314,33113,8.6,3.3,10.8,14.1
10451,19631,14.2,13.8,28.8,42.6
10452,27018,7.5,12.3,48.6,60.9
10453,28714,10.7,14.1,46.7,60.8
10454,13988,17.6,6.3,40.1,46.4
10455,14863,12.5,5.3,44.3,49.6
10456,31829,11.1,9.3,43.4,52.7
10457,25665,8.2,11,51.4,62.4
10458,28886,8.4,11.7,55.5,67.2
10459,17625,7.3,4.1,45,49.1
10460,21364,10.1,7.6,34.1,41.7
10461,20286,16.1,13.3,37.8,51.1
10462,31105,11.9,24.2,43.8,68
10463,30239,24.8,9,32.5,41.5
10464,2142,13.3,4,43,47
10465,16884,24.5,10.4,23.9,34.3
10466,24926,21.7,11.3,34.6,45.9
10467,38059,14.2,14.2,38.4,52.6
10468,26969,9.1,15.3,57.2,72.5
10469,23576,27.1,16.8,25.4,42.2
10470,6355,16.8,14,46.3,60.3
10471,9721,22.3,12.3,22.7,35
10472,23328,24.8,11.4,34.1,45.5
10473,21894,16.6,8.5,15.9,24.4
10474,4105,7,3.8,62.9,66.7
10475,19189,5.2,3.4,3.4,6.8
10501,415,12.3,7,8.2,15.2
10502,2008,33.9,7.7,17.5,25.2
10503,95,0,0,100,100
10504,2862,20.2,3.2,14.2,17.4
10505,297,3.4,0,0,0
10506,2331,13.7,2.1,18.9,21
10507,2379,14.3,7.8,20.1,27.9
10509,7533,12.2,4,18.2,22.2
10510,3753,21.6,3.8,15.4,19.2
10511,927,13.8,13.1,34.5,47.6
10512,10230,12.3,8.1,13.6,21.7
10514,4278,17.6,5.4,21.4,26.8
10516,2487,4.3,4.1,37.8,41.9
10517,139,31.7,2.9,38.8,41.7
10518,462,0,9.7,11.5,21.2
10519,97,11.3,19.6,42.3,61.9
10520,5506,18.6,5.8,23.1,28.9
10522,3851,26.5,8.2,30.1,38.3
10523,3234,22.6,7.3,18.3,25.6
10524,1781,14.4,5.2,17,22.2
10526,705,8.4,4.7,17.9,22.6
10527,266,7.5,0,8.3,8.3
10528,4886,22.3,9.3,28.1,37.4
10530,6195,29.6,9.1,14.4,23.5
10532,1693,37.1,8.6,21.3,29.9
10533,2781,30.5,3.6,27.9,31.5
10535,216,6.5,0,10.6,10.6
10536,3859,16.1,4.5,22.6,27.1
10537,880,17.3,20.3,24.5,44.8
10538,6154,12.2,12.8,57.7,70.5
10541,9535,15.8,6.7,11.1,17.8
10543,7980,18.5,9.2,36.7,45.9
10546,486,8,2.1,16.9,19
10547,2717,17.9,17.1,8.7,25.8
10548,1415,23.1,2.9,23.8,26.7
10549,6208,10.3,5.4,19.5,24.9
10550,14658,9.3,11.7,48.9,60.6
10552,8946,23.1,12.5,41.5,54
10553,3662,12.2,13.7,57.1,70.8
10560,2053,13.4,4.8,24.2,29
10562,11243,15.5,5.3,28.9,34.2
10566,10365,10.8,6.3,34.1,40.4
10567,7254,25.6,7,10.4,17.4
10570,4354,21.2,6.4,30.7,37.1
10573,13480,20.2,7.6,34,41.6
10576,2356,11.6,2,19.4,21.4
10577,829,8.9,7.5,9.3,16.8
10578,297,36.4,2.7,25.6,28.3
10579,3771,14.4,11.9,19.4,31.3
10580,6256,16.5,7.4,34.8,42.2
10583,14336,23.8,9.1,36.4,45.5
10588,1117,19.3,11.7,18.1,29.8
10589,4109,3.1,1,5.5,6.5
10590,2844,13,1.1,15,16.1
10591,9357,12.3,11.3,35.4,46.7
10594,1669,31.2,5.1,25.4,30.5
10595,2417,29.5,5.4,21.8,27.2
10596,627,33.7,2.9,42.7,45.6
10597,432,16.9,0,0,0
10598,11215,21.7,3.2,8.7,11.9
10601,5794,13.7,6.5,25.9,32.4
10603,7135,22.2,8.4,14.7,23.1
10604,4230,22.4,9.6,21.7,31.3
10605,7284,25.6,6.2,28.3,34.5
10606,5850,8.5,5.2,45,50.2
10607,2355,34.1,6.7,15.9,22.6
10701,26328,14.7,9.1,30.5,39.6
10703,7950,20.4,7.9,34.2,42.1
10704,13200,29.7,10.7,30,40.7
10705,15294,14.3,8.2,39.3,47.5
10706,3508,17.8,7.6,43,50.6
10707,4178,14.9,6.4,41.7,48.1
10708,9820,22.5,10.7,46.6,57.3
10709,3922,32.3,15.7,23,38.7
10710,10833,32.8,8.2,14.1,22.3
10801,15479,11.7,8.9,44.7,53.6
10803,4307,13.6,6,63.3,69.3
10804,5236,29.7,9.6,36.2,45.8
10805,8077,29,12.2,27.7,39.9
10901,9148,8.8,2.9,13.1,16
10910,25,0,0,100,100
10913,1645,31.8,3.2,6.7,9.9
10914,183,8.2,28.4,9.8,38.2
10915,57,0,0,47.4,47.4
10916,1410,16.4,2.7,12.6,15.3
10917,639,5.9,0,30.7,30.7
10918,4147,9.5,4,13.5,17.5
10919,455,17.1,8.6,28.1,36.7
10920,3092,6.8,6.1,16.5,22.6
10921,1417,11.6,5.6,22.3,27.9
10922,699,9,9.7,36.3,46
10923,2744,18.4,2.8,13.3,16.1
10924,4960,8.4,2.4,24.5,26.9
10925,2260,17.5,24.6,24.2,48.8
10926,1411,2.8,0.8,22.8,23.6
10927,3849,3.8,5.1,42.8,47.9
10928,1995,15.6,13.3,40.9,54.2
10930,3121,3.4,2.1,12.3,14.4
10931,385,8.1,7,56.9,63.9
10932,35,0,0,48.6,48.6
10933,215,0,0,24.7,24.7
10940,20063,9.7,5.2,27.2,32.4
10941,5181,4.6,1.5,5.7,7.2
10950,14059,9.2,5,11.4,16.4
10952,9726,9,1.4,3.2,4.6
10953,90,0,0,27.8,27.8
10954,8805,12.6,2.5,6,8.5
10956,10694,17.9,2.9,6.5,9.4
10958,1114,8.7,4.8,29.4,34.2
10960,6988,11.8,7.7,38.6,46.3
10962,1920,19.2,1.8,3.9,5.7
10963,1054,2.8,6.1,36.3,42.4
10964,565,23.4,2.1,24.4,26.5
10965,5712,26.8,6.5,17.1,23.6
10968,1244,2.7,6.3,34.5,40.8
10969,500,17.4,1.6,27.2,28.8
10970,3806,3.9,1.1,3.9,5
10973,861,5.6,4.1,23.7,27.8
10974,1197,21.2,5.8,29.6,35.4
10975,144,0,0,43.8,43.8
10976,783,2.4,4.6,30.3,34.9
10977,16664,13.3,5,9.3,14.3
10979,126,13.5,0,23.8,23.8
10980,5093,18.2,1.9,13.1,15
10983,1962,12.2,4.3,17.7,22
10984,983,4.9,1.3,4.9,6.2
10985,50,0,0,20,20
10986,624,9.5,7.4,12,19.4
10987,1523,4.4,2.2,35.9,38.1
10988,352,4.3,0,50.6,50.6
10989,3641,9.6,2,7.8,9.8
10990,7839,8.3,2.5,21.3,23.8
10992,3369,5.2,3,11.1,14.1
10993,1576,19.5,2.5,19.1,21.6
10994,2684,25.4,2.5,14.4,16.9
10996,864,5.2,0.7,28.9,29.6
10998,1076,3.1,3.7,24.3,28
11001,9473,24.8,13.7,44.9,58.6
11003,12886,37.5,24.1,15.3,39.4
11004,5223,49.1,26.3,5.5,31.8
11005,1609,3.7,4.5,2.1,6.6
11010,8155,40.5,26.4,14.7,41.1
11020,1957,30.5,18.1,31.7,49.8
11021,8457,26.3,17,24.4,41.4
11023,3168,25.1,14.7,31.2,45.9
11024,2344,25.3,8.5,28.6,37.1
11030,6702,12.1,10.3,36.8,47.1
11040,13261,36.3,30.3,13.2,43.5
11050,12088,22.1,9.2,24.1,33.3
11096,2705,22.5,11.1,42.8,53.9
11101,15249,4.5,18.2,39.3,57.5
11102,15696,12.3,11,36.2,47.2
11103,18102,13.7,16.3,46.4,62.7
11104,12389,12.7,22,53.5,75.5
11105,17039,13.9,18.3,47.4,65.7
11106,18893,18.6,16.8,34.4,51.2
11109,3745,0,0,0.4,0.4
11201,29843,11.9,5.2,48,53.2
11203,30501,10.8,14.7,53.7,68.4
11204,26143,8.3,11.2,61.3,72.5
11205,17217,10.9,15.7,44,59.7
11206,32205,12.2,7.5,30.9,38.4
11207,36481,10.6,5.6,39.9,45.5
11208,36331,12.2,6.5,43.2,49.7
11209,33086,13,11.2,55.1,66.3
11210,24112,13.3,12.8,56.9,69.7
11211,41188,6.2,4.9,43.6,48.5
11212,34726,14.1,9,37.1,46.1
11213,27172,6.4,5.3,70.9,76.2
11214,33767,14.3,12.9,44.3,57.2
11215,31062,4.6,4.4,73.7,78.1
11216,27036,3.4,5.2,71.9,77.1
11217,18500,5.6,6.5,62,68.5
11218,26127,10.9,9.9,53.1,63
11219,27560,7.6,8.8,54.1,62.9
11220,30849,6.2,8.9,63.1,72
11221,33855,3.1,4.2,61.5,65.7
11222,18689,7,6.5,62.3,68.8
11223,30075,17.2,9.9,53.5,63.4
11224,20250,10.8,5.5,13.4,18.9
11225,24966,7.7,9,62.2,71.2
11226,40343,8.4,7.7,70.5,78.2
11228,16224,11.3,14.3,58.7,73
11229,33197,19,16.9,44.3,61.2
11230,32557,13.6,14.3,47.1,61.4
11231,16738,9.6,6.4,62.7,69.1
11232,9278,6.7,7.1,66.9,74
11233,31542,5.3,4.2,59.1,63.3
11234,34111,21.8,13.9,29.2,43.1
11235,35857,19.2,12.1,33.1,45.2
11236,35249,17.1,6.3,27.2,33.5
11237,17984,5.5,4.9,67.8,72.7
11238,26760,4.9,6.3,64.3,70.6
11239,6802,2,2,4,6
11354,22580,21.2,14.7,19,33.7
11355,30375,19.1,17.9,19.2,37.1
11356,8250,11.1,10.9,37.6,48.5
11357,16133,36.8,12.6,14.8,27.4
11358,13885,19.8,22,38.9,60.9
11360,9372,17.6,6.6,5.2,11.8
11361,11233,24.1,13.5,27,40.5
11362,7430,43.9,8.8,10.1,18.9
11363,2757,13.5,9.1,42.5,51.6
11364,14071,44,21.1,10.1,31.2
11365,16321,35.5,25.7,10.5,36.2
11366,4861,34.4,27.1,18.1,45.2
11367,15817,37.4,27.9,8.8,36.7
11368,30363,13.7,12.5,23.3,35.8
11369,12813,22.2,15.5,40.1,55.6
11370,10192,26.7,17.1,22.9,40
11372,26224,25.8,17.8,38.8,56.6
11373,33903,20.9,15.6,25.8,41.4
11374,20911,27.3,18.8,22.4,41.2
11375,35211,25,23.7,24.2,47.9
11377,33979,16.4,12.4,36.7,49.1
11378,13833,16,12.7,46.5,59.2
11379,14690,19.5,15.5,33.8,49.3
11385,38073,8.6,11.3,61.8,73.1
11411,6288,29.8,33.9,25.1,59
11412,11788,20.1,20.7,39.3,60
11413,12866,24.2,15.5,30.6,46.1
11414,11501,23.1,10.9,10.1,21
11415,9503,17.1,19.9,33.3,53.2
11416,7771,9.8,11.8,51.4,63.2
11417,9827,13.5,11.8,49.7,61.5
11418,11842,10.5,11.8,58.5,70.3
11419,13512,11.2,13.6,58.2,71.8
11420,14156,19.9,15,41.5,56.5
11421,12907,16.8,7.9,60.6,68.5
11422,10277,32.3,17.6,13.6,31.2
11423,10362,27.3,16.4,35.6,52
11426,6690,32,26.7,25.3,52
11427,7970,33,25.1,24.8,49.9
11428,6010,10.1,25.3,52.2,77.5
11429,7833,19.7,19.5,38.7,58.2
11432,19948,16.7,16.5,29.8,46.3
11433,11597,14.4,12.5,32.3,44.8
11434,22077,15,11.5,21.3,32.8
11435,19719,23.6,17.8,26.2,44
11436,6099,15.3,18.6,31.1,49.7
11501,7721,34.7,13.5,25.6,39.1
11507,2478,40.8,10.8,7.2,18
11509,1302,29.2,8.2,20,28.2
11510,11306,22.8,15,35.9,50.9
11514,1775,41.9,23.9,5.9,29.8
11516,2296,22.7,8.6,40.1,48.7
11518,4254,27.8,7.9,41.2,49.1
11520,14434,30.3,7.4,34.3,41.7
11530,9606,34.8,13.9,38.8,52.7
11542,10501,29.3,8.5,21,29.5
11545,4615,27.3,6.7,21.6,28.3
11547,254,26.8,5.9,45.3,51.2
11548,551,31.8,7.8,21.1,28.9
11550,17931,24.2,14.8,20.4,35.2
11552,7611,35.7,20.8,19.2,40
11553,6699,38.8,26.3,15.4,41.7
11554,12872,55,9,6,15
11557,2895,42.1,12.3,16.1,28.4
11558,3139,32.5,7.1,17.9,25
11559,3009,20.8,8.8,27.9,36.7
11560,2495,23.9,6.5,42.2,48.7
11561,18592,19.8,9.9,26,35.9
11563,8432,16.3,11.8,44.6,56.4
11565,3305,22,23,40.9,63.9
11566,11680,34.2,13.6,18.6,32.2
11568,1124,17,4.3,15.5,19.8
11569,623,7.4,15.9,61.3,77.2
11570,10496,20.9,11.2,41,52.2
11572,10701,37.3,10.9,18.3,29.2
11575,4643,28.5,13.9,32,45.9
11576,4770,30.4,3.2,6.8,10
11577,4618,33.2,18.9,12.5,31.4
11579,2063,14.7,7,63.1,70.1
11580,13816,31.1,28.3,17.8,46.1
11581,7101,40.1,11.6,22.2,33.8
11590,14896,42.3,12.7,8.2,20.9
11596,3702,22.1,18.9,48.4,67.3
11598,4235,22.8,9.8,33.2,43
11691,21988,18.8,9.6,15.8,25.4
11692,7231,15.1,9.6,12.1,21.7
11693,5312,17.2,10.4,17.8,28.2
11694,9417,17.2,10.7,33.5,44.2
11697,2400,17,6.6,15.7,22.3
11701,9225,24.9,6.9,12.3,19.2
11702,5594,25.3,10,25.3,35.3
11703,5699,49.3,6.4,1.2,7.6
11704,13379,31.2,6.1,7.6,13.7
11705,2868,19.9,6.7,15.1,21.8
11706,21441,27,7.5,11.5,19
11709,2700,19.1,6.6,22.8,29.4
11710,11810,36.4,8.3,21.4,29.7
11713,3720,13.4,4.6,8.7,13.3
11714,8114,53,9.8,6.2,16
11715,1782,25.8,9,20,29
11716,3740,13,1.6,9.3,10.9
11717,14730,25.2,7.6,5.8,13.4
11718,1139,24.5,13.4,41.8,55.2
11719,1246,12.8,8.5,9.8,18.3
11720,9455,20.9,3.4,3.8,7.2
11721,2492,29.9,9.3,20.9,30.2
11722,10300,16.7,4.7,6.4,11.1
11724,1165,27,5.5,20.8,26.3
11725,10189,31.7,1.7,1.3,3
11726,6431,30.6,7.8,8.8,16.6
11727,12058,2.5,1.6,2.3,3.9
11729,9372,30.6,6.1,4.2,10.3
11730,4815,34.8,5.4,12.4,17.8
11731,10788,33.6,5.6,9.3,14.9
11732,1511,38.8,5.9,10.4,16.3
11733,6172,9,2.3,12,14.3
11735,12139,45.6,7.9,9.5,17.4
11738,5440,12.2,3,2.1,5.1
11739,340,18.8,6.5,16.5,23
11740,3565,29.8,7.3,10,17.3
11741,9578,4.8,2.4,3.2,5.6
11742,4730,11.5,1.9,2.6,4.5
11743,16644,29,6.6,20.5,27.1
11746,23009,26.5,7.8,7.3,15.1
11747,7847,20.3,2.3,1.3,3.6
11749,1109,4.3,3,3.2,6.2
11751,5404,21.2,5.7,21.3,27
11752,3229,21.5,2.7,12.9,15.6
11753,4465,38.4,0.9,0.9,1.8
11754,7212,17.2,5.7,5.7,11.4
11755,4312,11.3,4.2,4.9,9.1
11756,13836,51.4,38.7,2.5,41.2
11757,15678,38.4,10.5,11.4,21.9
11758,19767,54.8,8.8,7.3,16.1
11762,7745,71.7,6.2,2.7,8.9
11763,9863,5.4,3.1,3.8,6.9
11764,4613,12.4,3.1,4.2,7.3
11765,327,24.2,4.6,28.1,32.7
11766,4282,3.3,5.8,4.2,10
11767,5261,10.2,5,8.2,13.2
11768,8679,20,8.3,19.8,28.1
11769,4005,23,4.4,7.5,11.9
11770,1230,11.1,10,30.8,40.8
11771,4158,13.9,7.1,35.4,42.5
11772,18270,16.5,5.4,14.7,20.1
11776,8438,7.7,1.7,6.7,8.4
11777,3735,12.9,2.6,21.4,24
11778,4854,14.6,8.7,10.5,19.2
11779,13186,17.8,6.1,7.1,13.2
11780,5974,14.1,2.1,10.8,12.9
11782,6729,15.8,3.8,18.2,22
11783,7169,54.9,6,9.5,15.5
11784,8505,11.7,3.9,3.9,7.8
11786,2008,13.5,0.9,4.5,5.4
11787,12754,19.3,3.8,3.2,7
11788,6050,10,2.3,2.4,4.7
11789,3153,21.7,15.7,9.8,25.5
11790,4920,14,3.9,6.7,10.6
11791,8624,50.8,4.3,5.9,10.2
11792,3282,16.6,1.1,8.3,9.4
11793,10752,60.2,12.6,6.9,19.5
11795,8170,45.7,5.4,5,10.4
11796,1216,35.2,9.2,19.3,28.5
11797,3276,13.4,2,2.3,4.3
11798,4165,16.2,9.6,3.3,12.9
11801,13358,59.2,16.8,9.1,25.9
11803,10065,60,3.8,2.4,6.2
11804,1767,49.5,0.5,1.4,1.9
11901,11963,15.2,4.4,8.9,13.3
11930,2455,12.4,1.3,12.9,14.2
11931,97,0,0,0,0
11932,2241,5.3,3.5,19.4,22.9
11933,3725,4,1.2,5.1,6.3
11934,2776,9.3,2.1,19.8,21.9
11935,2147,11.9,3,16.2,19.2
11937,13010,7.4,2.8,12.7,15.5
11939,1078,11.3,5,16,21
11940,2176,7.6,0.4,13,13.4
11941,832,13.6,2.4,13.1,15.5
11942,3007,15.2,1.5,8.5,10
11944,2730,8.4,6.4,38.1,44.5
11946,8608,14.6,3.4,8.9,12.3
11947,213,0,0,17.8,17.8
11948,864,4.3,1.6,28.8,30.4
11949,5247,2.7,1.1,3.4,4.5
11950,5074,17.2,3.4,3.8,7.2
11951,5454,20.5,7.6,8.9,16.5
11952,2578,19.1,5.7,26.3,32
11953,5567,7.7,4.4,2.3,6.7
11954,4579,8.9,1.4,7.7,9.1
11955,1891,1.5,0.8,7.8,8.6
11956,293,14.7,3.4,57.3,60.7
11957,816,10.9,0.9,33.8,34.7
11958,451,4.4,8.9,26.2,35.1
11959,1552,5.5,2.6,20.1,22.7
11960,1047,2.8,1.3,16.6,17.9
11961,6104,8.7,3.2,0.5,3.7
11962,847,1.1,1.1,22.8,23.9
11963,5811,10.4,6.1,14.1,20.2
11964,2196,10.2,2.5,15,17.5
11965,1032,7.2,5.9,29,34.9
11967,8685,12.8,2.1,1.1,3.2
11968,9405,15.6,4.6,16.9,21.5
11970,485,8,0,26,26
11971,4207,6.1,5.7,16.1,21.8
11972,607,4.4,8.7,6.4,15.1
11973,169,0,38.5,0,38.5
11975,747,10.2,4.6,13.8,18.4
11976,2143,1.2,7.1,16.5,23.6
11977,1679,6,6.6,15.5,22.1
11978,3883,11.6,6.1,14.8,20.9
11980,1832,7.2,5.7,2.3,8
12007,32,0,0,0,0
12008,161,7.5,0,57.1,57.1
12009,3206,11.3,3.5,26.6,30.1
12010,14039,14.2,10.8,44.3,55.1
12015,1483,6,2.8,33.8,36.6
12017,305,4.3,6.2,16.4,22.6
12018,3308,15.7,8.2,23.3,31.5
12019,6045,13,2.2,5.7,7.9
12020,14136,5.2,2.1,16.9,19
12022,534,9.6,1.7,39.7,41.4
12023,960,11.1,5.1,30.9,36
12025,3062,9.9,11.6,15.8,27.4
12027,1575,14.4,8.8,13.3,22.1
12028,317,0,0,26.5,26.5
12029,724,9,3.9,37.7,41.6
12031,84,3.6,0,50,50
12032,1268,11.8,17.6,34.5,52.1
12033,3384,13.6,1.5,22.3,23.8
12035,344,14.5,1.5,40.4,41.9
12036,165,2.4,0,45.5,45.5
12037,2329,11.4,6.4,41.9,48.3
12040,75,8,0,50.7,50.7
12041,271,3,0,44.3,44.3
12042,141,5,0,20.6,20.6
12043,3575,9,5.4,28.3,33.7
12045,244,11.1,0,71.3,71.3
12046,428,7,2.3,46.7,49
12047,10123,10.3,5,45.7,50.7
12051,1828,6.2,3.5,38,41.5
12052,810,7,6.5,17.5,24
12053,1903,2.6,7.4,28.8,36.2
12054,7197,19.2,9.4,18.8,28.2
12056,958,5.5,4.3,20,24.3
12057,901,6.9,0,28.1,28.1
12058,793,2.1,6.1,18.9,25
12059,1015,9.2,4.9,16.7,21.6
12060,946,7.3,3,38.7,41.7
12061,3806,8.4,3.7,8.1,11.8
12062,754,9.7,4,22,26
12063,138,19.6,0,36.2,36.2
12064,385,4.2,6,51.2,57.2
12065,18479,2.7,0.6,2.9,3.5
12066,933,10.2,4.9,25.3,30.2
12067,634,9.3,5.4,24.6,30
12068,1410,7.7,2,33.3,35.3
12069,113,0,0,85.8,85.8
12070,650,14,10.6,38.5,49.1
12071,212,2.8,0,40.6,40.6
12072,1160,2.5,0.9,35.6,36.5
12074,1601,7.2,2.9,25.5,28.4
12075,1344,7.2,3.2,24.6,27.8
12076,1489,4.8,1.3,19.1,20.4
12077,2670,10.3,3.2,6,9.2
12078,12302,11.8,9.6,44.5,54.1
12083,1804,9.1,7.5,25.3,32.8
12084,2198,3.7,0.3,7.5,7.8
12085,201,42.3,0,0,0
12086,828,13.3,8.9,32.5,41.4
12087,391,3.8,4.3,43.7,48
12089,66,39.4,12.1,0,12.1
12090,2928,6.1,1.4,58.1,59.5
12092,507,7.5,6.7,24.7,31.4
12093,1302,5.8,2.8,21.8,24.6
12094,1047,5.7,0,37.9,37.9
12095,5297,9.8,9.2,44.5,53.7
12106,1306,5.8,5.7,33.1,38.8
12108,949,7.6,7.2,15.2,22.4
12110,7980,23.3,5.8,5.3,11.1
12115,94,6.4,0,70.2,70.2
12116,1228,14.2,3.1,28.8,31.9
12117,2190,15.4,9.7,23.1,32.8
12118,7043,7.2,5.1,27.3,32.4
12120,342,5.6,3.8,26,29.8
12121,610,16.9,0,16.7,16.7
12122,2939,6.5,7.4,33.9,41.3
12123,2365,9.4,12.4,33.2,45.6
12124,345,2.3,7.2,60.3,67.5
12125,860,4.3,0,53.5,53.5
12130,384,2.9,0,35.7,35.7
12131,93,0,0,33.3,33.3
12132,166,0,0,68.1,68.1
12134,3039,9,6.5,28.7,35.2
12136,397,2.8,4.3,40.8,45.1
12137,813,3.3,11.6,26.4,38
12138,1896,5.7,7.4,24.1,31.5
12139,756,11.2,5.3,18.3,23.6
12140,639,15.8,0,29.9,29.9
12143,2238,13.8,7.6,28.6,36.2
12144,9578,10.9,4.5,33.3,37.8
12147,323,0.9,5.9,53.9,59.8
12148,2070,7.3,6.4,7.2,13.6
12149,1323,5.1,3.9,28.1,32
12150,328,11,0,38.4,38.4
12151,355,3.4,1.4,76.3,77.7
12153,552,0.7,0.5,25,25.5
12154,1167,9.1,4.2,26.8,31
12155,1090,6,2.5,38.3,40.8
12156,385,0,0,44.2,44.2
12157,1874,4.5,4.9,26.9,31.8
12158,2739,5.4,5.1,20.1,25.2
12159,3516,4.3,2.8,10.2,13
12160,390,3.6,3.8,38.5,42.3
12161,82,0,0,15.9,15.9
12164,555,7.9,7.9,30.3,38.2
12165,111,0,0,21.6,21.6
12166,638,5.5,3.3,35.6,38.9
12167,1648,4.2,5.2,32,37.2
12168,1124,1.8,1.5,23.2,24.7
12169,139,9.4,5.8,35.3,41.1
12170,1998,11.2,4.3,21.3,25.6
12172,148,10.1,0,59.5,59.5
12173,807,3.2,0,24.4,24.4
12174,150,10.7,3.3,74.7,78
12175,442,4.8,4.1,21.7,25.8
12176,182,0,4.9,28,32.9
12177,281,24.9,2.8,58,60.8
12180,24877,8.6,5.5,47.4,52.9
12182,6982,11.7,8.8,46.9,55.7
12183,1323,10.4,5.4,58.4,63.8
12184,3173,4.5,3.4,22,25.4
12185,861,3.4,0.8,46.3,47.1
12186,2750,9.6,5.9,17.6,23.5
12187,349,3.2,4.6,25.2,29.8
12188,5000,11.7,3.3,29.3,32.6
12189,8764,10.2,3.6,36.9,40.5
12190,766,9.3,11.6,20.9,32.5
12192,836,6.6,7.2,20.6,27.8
12193,956,1.3,2.8,24.1,26.9
12194,132,0,0,34.1,34.1
12195,92,0,0,5.4,5.4
12196,1276,20.3,8.5,14.4,22.9
12197,1322,4.8,2.5,39.8,42.3
12198,3219,25.1,4.4,25.1,29.5
12202,5555,6,3,64,67
12203,14725,17,11,29,40
12204,3986,5.8,6.7,24.4,31.1
12205,11960,24.1,8.8,14.6,23.4
12206,7831,6.9,9.8,61.9,71.7
12207,1059,1.3,0.7,36.4,37.1
12208,10618,14,7.1,46.3,53.4
12209,4721,13.7,11.7,52.6,64.3
12210,6455,3.6,5,67.9,72.9
12211,4424,24.2,10.2,9.2,19.4
12302,12148,19.4,9.5,26,35.5
12303,13011,16.4,9.9,31.9,41.8
12304,10074,13.1,10.4,40.1,50.5
12305,3223,8,7.2,59.2,66.4
12306,11439,14.8,13.8,30.7,44.5
12307,3514,4,4.1,68.8,72.9
12308,7306,9.3,6.6,60.2,66.8
12309,11455,17.2,10,21.7,31.7
12401,16288,15,6.6,42,48.6
12404,2236,4.8,5.4,27.3,32.7
12405,308,23.4,9.7,33.4,43.1
12406,734,7.5,8.9,27,35.9
12407,170,2.4,0,17.1,17.1
12409,476,7.1,3.8,40.3,44.1
12410,557,10.8,11.3,29.8,41.1
12411,193,4.1,0,55.4,55.4
12412,424,0,9.7,15.3,25
12413,1593,12.9,6.3,23.3,29.6
12414,5331,11.8,6.6,40.8,47.4
12416,150,0,8,6.7,14.7
12417,189,7.9,9,32.3,41.3
12418,413,6.8,2.2,27.4,29.6
12419,338,16.6,2.1,37.3,39.4
12420,271,0,10.7,45.8,56.5
12421,728,3.8,2.6,1,3.6
12422,264,9.8,0,47,47
12423,700,10.1,14.1,20.3,34.4
12424,397,3.3,0.5,24.4,24.9
12427,438,0,5,53,58
12428,3315,16.8,5.3,30,35.3
12429,102,0,0,55.9,55.9
12430,1181,6.5,4,22,26
12431,752,3.9,11.4,16,27.4
12432,237,30.8,0,25.3,25.3
12433,353,1.7,5.7,2.5,8.2
12434,467,10.5,1.3,35.5,36.8
12435,266,7.1,7.1,18.4,25.5
12436,499,4.8,17.8,51.9,69.7
12438,68,0,0,64.7,64.7
12439,508,2.6,1,23.8,24.8
12440,1141,16.2,1.5,36,37.5
12441,73,0,0,34.2,34.2
12442,1563,2.2,1.3,19.4,20.7
12443,1928,27,8.6,17,25.6
12444,720,3.6,3.5,18.5,22
12446,2766,10.6,8,18.9,26.9
12448,399,8.5,2,48.1,50.1
12449,1281,18,6,7.9,13.9
12450,116,0,0,0,0
12451,718,5.4,5.4,32.6,38
12452,248,10.1,0,24.6,24.6
12453,131,32.8,0,51.1,51.1
12454,330,13,1.5,26.4,27.9
12455,1959,6.4,5.9,23.7,29.6
12456,238,86.1,0,13.9,13.9
12457,609,9.9,7.6,38.1,45.7
12458,1279,8.2,4.7,17.4,22.1
12459,247,0,0,26.7,26.7
12460,174,5.7,8,45.4,53.4
12461,906,13.8,5.1,21.4,26.5
12463,758,13.9,7.3,28.8,36.1
12464,820,14.4,7,42.9,49.9
12465,361,6.6,0,43.2,43.2
12466,1102,13.6,6.3,20.7,27
12468,883,2.2,2.3,26.2,28.5
12469,648,6.5,2.2,32.1,34.3
12470,305,19.3,0,20.7,20.7
12471,86,0,0,69.8,69.8
12472,796,12.7,1.5,46.7,48.2
12473,586,0,2,15,17
12474,934,6.6,5.5,39.3,44.8
12475,212,0,3.8,46.2,50
12477,8597,12.8,6.1,27.3,33.4
12480,626,6.1,5.1,38.8,43.9
12481,744,15.7,12.8,20.6,33.4
12482,300,8,0,5,5
12483,375,28.3,13.3,42.4,55.7
12484,1549,12.1,3.4,27.2,30.6
12485,1171,6.3,7,45.2,52.2
12486,697,25.7,2,19.5,21.5
12487,1444,8,5.3,18.1,23.4
12489,190,10.5,16.8,34.7,51.5
12490,58,0,0,77.6,77.6
12491,813,22.9,9.3,13.3,22.6
12492,364,6.3,6.6,35.7,42.3
12493,187,0,0,45.5,45.5
12494,566,6.4,2.5,35.3,37.8
12495,233,11.2,0,23.6,23.6
12496,2333,3.6,4,19.7,23.7
12498,3255,17.7,4.5,27.4,31.9
12501,1255,13.8,4.1,36.5,40.6
12502,786,9.2,1,31.7,32.7
12503,493,4.1,4.7,27.8,32.5
12504,62,0,0,67.7,67.7
12507,91,0,0,94.5,94.5
12508,7960,9.6,6.8,31.8,38.6
12512,60,58.3,0,41.7,41.7
12513,187,42.2,11.2,8.6,19.8
12514,1444,5.3,6,19.1,25.1
12515,587,6.6,0,15.2,15.2
12516,1130,9.6,1.2,20.3,21.5
12517,302,11.9,6,16.2,22.2
12518,2771,17.3,3.4,28.9,32.3
12520,1108,13.4,7.8,50,57.8
12521,1307,9.3,4.6,12.4,17
12522,2257,7.6,4.3,17.8,22.1
12523,872,8.4,4.5,10.1,14.6
12524,6390,12.4,2.9,8.9,11.8
12525,1342,7.1,3.4,17.9,21.3
12526,1985,6.3,5.5,43,48.5
12528,5640,7.8,4.2,23.8,28
12529,1873,11.7,7.6,24.8,32.4
12530,89,0,27,55.1,82.1
12531,1322,17.5,8.6,13.3,21.9
12533,9768,9.5,2.7,7.7,10.4
12534,9074,9.7,5.7,33.5,39.2
12538,5314,27.3,4.7,8.2,12.9
12540,2896,5.4,2.2,8.5,10.7
12542,2628,13.4,5.4,23.3,28.7
12543,1495,9.3,8.4,19.3,27.7
12545,2570,10.2,6.5,31.4,37.9
12546,1703,13.4,6.9,31.4,38.3
12547,1119,11.8,1.8,21.3,23.1
12548,626,7.3,2.6,14.1,16.7
12549,4267,6,3,21.8,24.8
12550,22058,16.1,5.5,36.1,41.6
12553,10164,11.3,3.1,14,17.1
12561,6989,10.9,2.3,17.5,19.8
12563,2587,9.7,13.8,17.1,30.9
12564,3111,8.3,4.7,23.9,28.6
12565,686,6.3,10.9,52.5,63.4
12566,4251,13.6,6.5,12.2,18.7
12567,1587,9.5,4.8,27.4,32.2
12569,4317,16.1,6,10.1,16.1
12570,2748,1.5,1.9,5.3,7.2
12571,4582,14.7,3.4,19.2,22.6
12572,4271,11.5,6.1,20.9,27
12574,139,10.8,0,53.2,53.2
12575,816,4.8,2.7,8.3,11
12577,616,12.7,1.3,12.7,14
12578,943,13.6,2.2,23.4,25.6
12580,1803,6.8,4,25.9,29.9
12581,1168,12.9,3.8,22.2,26
12582,1517,6.3,0.5,5,5.5
12583,1004,7.7,4.3,29.4,33.7
12585,366,5.5,0,33.6,33.6
12586,4639,9.2,1.8,32.1,33.9
12589,5136,8.7,7,11.5,18.5
12590,13812,12.2,3.3,9.7,13
12592,559,14,5.5,34.7,40.2
12594,1711,12,3,11.5,14.5
12601,17651,13.2,8.2,28.5,36.7
12603,16951,23.3,6.2,12.7,18.9
12604,6,0,0,0,0
12701,6560,14.8,9.6,20,29.6
12719,766,8.1,7.8,31.9,39.7
12720,244,9.8,0,18.9,18.9
12721,2692,7.7,9,21,30
12722,100,0,22,30,52
12723,1178,8.9,8.8,31,39.8
12724,184,30.4,0,45.1,45.1
12725,298,7,5.7,40.3,46
12726,918,6,6,27.9,33.9
12729,945,9.6,0.8,21.4,22.2
12732,697,14.2,7.9,17.2,25.1
12733,1182,3.7,1,5.7,6.7
12734,660,21.7,2.1,21.7,23.8
12736,130,0,0,27.7,27.7
12737,1289,9.1,6.7,7.8,14.5
12738,259,5.4,6.2,11.2,17.4
12740,1064,10.1,7.1,14.9,22
12741,261,5,8,52.5,60.5
12742,101,0,22.8,39.6,62.4
12743,329,8.8,13.4,20.1,33.5
12745,133,3.8,10.5,24.8,35.3
12746,521,15,0,24.6,24.6
12747,973,20.8,11.3,18.2,29.5
12748,1272,7.7,6.1,37.4,43.5
12749,445,11.2,12.8,18,30.8
12750,100,4,0,32,32
12751,503,4.6,2.6,1.8,4.4
12752,262,0.8,21.4,42,63.4
12754,3330,11.5,7,26.8,33.8
12758,3084,8.6,3.2,22.7,25.9
12759,1349,7,1.8,9.9,11.7
12760,507,2.2,12.2,28.4,40.6
12762,416,13.9,4.8,12.7,17.5
12763,562,9.1,10.3,10.9,21.2
12764,1415,11.2,8.6,21.1,29.7
12765,446,7.4,8.5,3.6,12.1
12766,252,2.4,0,22.2,22.2
12767,91,12.1,0,47.3,47.3
12768,1028,8.4,10.2,12.2,22.4
12769,180,60,0,29.4,29.4
12770,199,6.5,20.6,32.2,52.8
12771,6334,7.8,7.7,42.2,49.9
12775,1529,8.2,5.6,13.3,18.9
12776,2104,7,4.3,34.9,39.2
12777,598,6.9,3.5,19.6,23.1
12778,1143,3,34.3,35.9,70.2
12779,1605,8.9,8.2,11.4,19.6
12780,1063,10,11.3,20.5,31.8
12781,121,14.9,18.2,47.1,65.3
12783,1147,14.3,11.9,17.8,29.7
12784,62,11.3,0,80.6,80.6
12785,488,2.5,10,21.7,31.7
12786,817,1.8,23.3,25.2,48.5
12787,203,8.9,0,54.2,54.2
12788,1431,3.3,7.9,20.5,28.4
12789,1808,7.5,5.5,8.3,13.8
12790,2919,11.1,7.1,27.2,34.3
12791,433,9.2,4.8,31.9,36.7
12792,164,5.5,8.5,15.2,23.7
12801,7157,11.4,9.5,54.1,63.6
12803,3821,19.9,7,18.1,25.1
12804,12195,10.6,3,7,10
12808,669,2.4,3.1,22.9,26
12809,1909,9.2,4,28,32
12810,399,8,5,15.3,20.3
12811,75,0,9.3,24,33.3
12812,299,5,17.7,36.5,54.2
12814,1720,9.1,3.1,23.3,26.4
12815,1171,6.5,5,15.3,20.3
12816,2553,6,3.9,39.5,43.4
12817,2204,8.2,5.4,18.5,23.9
12819,277,11.2,0,21.7,21.7
12821,153,0,7.8,0,7.8
12822,2945,8.9,7.1,33.1,40.2
12823,189,27,0,0,0
12824,996,3.9,4.3,22.7,27
12827,1847,8.9,7.1,24,31.1
12828,3995,9.7,4.2,28,32.2
12831,6628,4.1,0.2,6.4,6.6
12832,3315,7.2,3.7,36.6,40.3
12833,1927,8.4,4.4,10.3,14.7
12834,2951,7.5,1.6,46.2,47.8
12835,3020,11.2,9.1,14.1,23.2
12836,738,11.5,10.2,20.9,31.1
12837,346,0.9,0,21.1,21.1
12838,253,1.6,0,32.4,32.4
12839,5740,9.7,6.1,35.3,41.4
12841,306,12.7,9.5,25.8,35.3
12842,1543,10.8,12.5,22.4,34.9
12843,439,3.6,4.6,13.9,18.5
12844,207,9.7,6.8,26.6,33.4
12845,3712,8.3,4.9,16.5,21.4
12846,2002,10,8.8,12.5,21.3
12847,1354,13.1,4.8,26.5,31.3
12849,159,38.4,0,9.4,9.4
12850,1527,1.6,3.5,24.9,28.4
12851,385,12.2,5.2,28.8,34
12852,737,15.5,16.8,16.7,33.5
12853,1339,5.8,6,22.9,28.9
12855,319,9.7,6.9,23.5,30.4
12856,263,0,2.3,30.4,32.7
12857,497,2.2,5.2,41.4,46.6
12858,325,9.8,12.3,42.8,55.1
12859,893,2.4,0.4,8.7,9.1
12860,577,0,6.2,22.4,28.6
12861,686,14,5.4,35,40.4
12862,20,0,0,70,70
12863,275,7.3,7.6,6.5,14.1
12864,152,14.5,5.9,26.3,32.2
12865,2006,3.6,3.3,41,44.3
12866,19535,5.7,2.1,21.6,23.7
12870,1889,8.5,7.4,25,32.4
12871,1767,5.3,2.4,37.5,39.9
12872,90,11.1,15.6,13.3,28.9
12873,413,9.4,4.4,40.9,45.3
12874,401,9.7,9.2,23.2,32.4
12878,595,5.9,7.2,32.9,40.1
12883,2867,10.8,4.9,39.7,44.6
12884,228,0,4.4,69.3,73.7
12885,2597,7.7,6.2,34.9,41.1
12886,185,0,16.2,27,43.2
12887,2343,5.7,5.6,42.9,48.5
12901,14820,12.6,5.4,21.6,27
12903,693,29,6.1,7.1,13.2
12910,766,6.3,5.7,15,20.7
12911,4,0,0,100,100
12912,1189,8.4,9,31.6,40.6
12913,779,6.7,1.3,30.4,31.7
12914,405,7.4,0,33.1,33.1
12916,980,2.3,0.5,44,44.5
12917,669,3.7,1.9,31.8,33.7
12918,1107,17,12.7,16.4,29.1
12919,1331,5.6,5.7,28.1,33.8
12920,1545,5.6,4.9,38.1,43
12921,1179,4.9,3.6,28.2,31.8
12922,129,10.1,7,28.7,35.7
12923,347,1.7,11.2,35.4,46.6
12924,108,0,0,23.1,23.1
12926,1029,5.5,4.6,26.7,31.3
12927,619,18.6,7.8,23.6,31.4
12928,1142,5.3,4.5,31.4,35.9
12929,373,19.8,4.3,53.9,58.2
12930,368,3.8,4.1,31.5,35.6
12932,796,10.9,6.4,36.2,42.6
12933,18,0,66.7,16.7,83.4
12934,447,4.9,4,32.7,36.7
12935,913,4.9,3,18.9,21.9
12936,527,6.1,4.4,56.5,60.9
12937,805,9.2,3.6,32.3,35.9
12939,121,24,2.5,43,45.5
12941,960,0.9,0.5,21.6,22.1
12942,742,7,6.1,24.1,30.2
12943,577,5.2,6.2,40,46.2
12944,2205,13.2,4.7,31,35.7
12945,587,5.5,1,50.1,51.1
12946,3636,4.6,11.4,24.3,35.7
12950,418,8.6,1,31.3,32.3
12952,343,17.8,4.4,48.4,52.8
12953,5644,9.9,5.2,36.6,41.8
12955,355,14.6,5.4,24.8,30.2
12956,491,5.3,18.9,37.5,56.4
12957,783,11.9,0,23.8,23.8
12958,1014,3.7,0,24.7,24.7
12959,737,2.3,0,24.2,24.2
12960,565,8,12.9,41.9,54.8
12961,148,8.1,12.2,48,60.2
12962,2433,10.3,3.3,9.7,13
12964,150,20,0,44.7,44.7
12965,218,7.3,1.8,56.4,58.2
12966,1275,5.7,3.3,29.5,32.8
12967,445,8.1,1.1,26.7,27.8
12969,583,14.1,7.2,32.6,39.8
12970,310,6.8,4.2,45.8,50
12972,2423,11.5,2,11.5,13.5
12973,125,20,0.8,31.2,32
12974,854,11.2,12.3,47.7,60
12975,194,12.9,0,49,49
12976,225,12,3.6,14.7,18.3
12977,36,100,0,0,0
12978,144,4.9,0,40.3,40.3
12979,1057,8.1,6,30.3,36.3
12980,1272,11.2,8.3,27.4,35.7
12981,1180,1.3,1.4,28.1,29.5
12983,5014,5.8,5.5,47.9,53.4
12985,626,0,0.6,25.6,26.2
12986,3836,9.4,11.9,33.2,45.1
12987,144,0,0,15.3,15.3
12989,824,11.7,7.2,25.2,32.4
12992,2304,5.3,1.3,20.6,21.9
12993,1200,10.9,4.7,43.5,48.2
12996,1700,12.2,7.7,29.8,37.5
12997,787,6.7,7.2,27.7,34.9
12998,219,0,12.3,74.9,87.2
13020,74,0,0,40.5,40.5
13021,18716,13.2,7.1,44.2,51.3
13026,870,5.7,0.7,40.3,41
13027,14661,9.6,4.5,11.7,16.2
13028,919,9.7,8.6,28.7,37.3
13029,3134,13.8,3.2,9.1,12.3
13030,1786,19.3,9.8,17.9,27.7
13031,6655,24.5,2.5,8.7,11.2
13032,5712,10.3,3,32.9,35.9
13033,1682,2.1,1.2,39.6,40.8
13034,1119,10.9,3.7,31.1,34.8
13035,3804,6.7,2.8,32.2,35
13036,3970,5.7,5.7,16.8,22.5
13037,3697,14.3,3.2,21.9,25.1
13039,7056,10.7,4.3,3.8,8.1
13040,1369,5,2.4,36.3,38.7
13041,4381,5.5,3.3,7,10.3
13042,1307,2.7,0.8,33.6,34.4
13044,1115,5.4,8.8,17,25.8
13045,12226,10.8,4.8,48.5,53.3
13051,102,0,0,100,100
13052,1081,5.7,5.9,40.9,46.8
13053,1899,5.2,1.8,21.5,23.3
13054,595,23.7,0,28.2,28.2
13057,6535,21.2,11.2,20,31.2
13060,1201,11.9,2.3,24,26.3
13061,745,12.5,3.5,30.2,33.7
13062,43,0,0,65.1,65.1
13063,684,4.1,0.9,35.2,36.1
13064,105,1.9,25.7,21.9,47.6
13066,5359,20.5,7.8,18,25.8
13068,2332,6.3,3.4,17.9,21.3
13069,10463,9.5,5.9,36.2,42.1
13071,414,3.1,1.4,51.2,52.6
13072,418,5.7,1,37.6,38.6
13073,2864,3.6,2.9,44.6,47.5
13074,1725,5.2,4.7,25.9,30.6
13076,957,1.7,2,10.7,12.7
13077,2973,7.6,5.4,47.5,52.9
13078,3969,12.6,3.6,15.3,18.9
13080,1699,7.8,3.3,36.7,40
13081,680,13.1,7.1,36.6,43.7
13082,1980,8.4,3.9,19.2,23.1
13083,803,7,3,34,37
13084,1704,7.7,1.9,18.9,20.8
13087,89,0,0,69.7,69.7
13088,10989,21,5.3,8.2,13.5
13090,12642,5.4,1.2,2.5,3.7
13092,1039,2.7,1.1,24.6,25.7
13101,1039,7.3,3.6,49.1,52.7
13102,10,0,0,100,100
13103,128,0,0,17.2,17.2
13104,6409,9.1,2,12.1,14.1
13108,2557,9.6,3.5,28.4,31.9
13110,1198,9.3,9.1,20,29.1
13111,651,1.2,2.8,20.3,23.1
13112,772,7,11.9,29.1,41
13113,94,0,0,84,84
13114,2871,3.4,1.1,28.4,29.5
13115,112,5.4,0,61.6,61.6
13116,1480,15.3,5.3,14.9,20.2
13117,105,0,2.9,60,62.9
13118,2910,5.6,3.6,36.4,40
13120,840,23.2,16,39.3,55.3
13122,472,2.1,6.6,38.6,45.2
13123,165,0,41.2,38.8,80
13124,67,13.4,0,34.3,34.3
13126,15654,8.1,4.5,37.3,41.8
13131,1589,2.5,2.4,26.6,29
13132,1702,11.1,3.5,13.3,16.8
13134,65,4.6,0,90.8,90.8
13135,2861,7,4.9,29.7,34.6
13136,282,0,0,34,34
13140,2045,7.7,5,29.5,34.5
13141,319,5,6,40.8,46.8
13142,3221,7.5,3.3,33.5,36.8
13143,1305,1.7,3.1,36.1,39.2
13144,933,5.3,0,26.2,26.2
13145,1196,10.8,6.7,21.2,27.9
13146,954,5,4.7,40.1,44.8
13147,526,3.6,4.8,56.1,60.9
13148,5105,11.3,5.3,41,46.3
13152,4695,11.1,4.7,31.4,36.1
13153,155,0,27.1,34.2,61.3
13155,376,3.5,0,45.5,45.5
13156,1283,7.3,10.2,29.9,40.1
13157,741,6.7,15.1,36.4,51.5
13158,749,2.7,3.2,31.4,34.6
13159,2183,3.9,2.2,28.1,30.3
13160,970,3.8,6.2,42.1,48.3
13162,260,0,0,34.2,34.2
13163,160,26.3,6.9,22.5,29.4
13164,873,10.7,9.6,25.5,35.1
13165,4838,16.3,3.7,31.4,35.1
13166,2359,5.3,4.1,32.4,36.5
13167,1440,5.1,0.8,13.9,14.7
13202,2760,13.8,12.1,27.8,39.9
13203,8735,12.2,8.5,51.4,59.9
13204,9984,16.9,13.7,47.6,61.3
13205,8838,17,8.3,40.8,49.1
13206,8654,25,14.2,37.5,51.7
13207,6179,18.9,11.2,49.7,60.9
13208,10312,14,14,50.6,64.6
13209,6180,24.3,6.2,27.5,33.7
13210,9569,12.9,10.7,35.9,46.6
13211,2797,38.8,17.1,22.2,39.3
13212,8997,40.5,9.2,7.1,16.3
13214,3184,37.3,9.1,13.3,22.4
13215,5880,10.5,3.9,10.2,14.1
13219,6784,38.5,11.9,11.8,23.7
13224,4215,26.1,13.9,24.8,38.7
13301,129,0,7.8,10.1,17.9
13302,971,6.2,2.2,19.2,21.4
13303,550,11.5,3.1,20.4,23.5
13304,779,18.4,2.8,35.9,38.7
13305,128,0,18,23.4,41.4
13308,1402,6.6,5.7,24.4,30.1
13309,2782,7.7,2.4,30.4,32.8
13310,308,15.3,0,36.7,36.7
13312,823,15.3,11.2,29.5,40.7
13313,241,2.1,2.9,46.1,49
13314,216,5.6,1.4,49.5,50.9
13315,722,2.9,3,44.3,47.3
13316,3094,6.1,2.7,31.9,34.6
13317,1675,10,4.8,58.4,63.2
13318,497,0.6,1.6,20.5,22.1
13319,350,5.7,5.1,35.7,40.8
13320,1139,4.2,1.7,44.8,46.5
13321,516,7.4,5.8,48.8,54.6
13322,598,3.8,0.3,52.7,53
13323,4517,10.9,4.9,30.2,35.1
13324,1486,8.2,3.1,25.7,28.8
13325,678,3.5,3.7,35.5,39.2
13326,3605,3.2,1.8,51.4,53.2
13327,1207,7,9,27.4,36.4
13328,579,7.8,0.9,42.3,43.2
13329,1939,8.9,7.1,46,53.1
13331,964,8.9,10,33.3,43.3
13332,1220,3.9,2.6,58.4,61
13333,35,0,0,91.4,91.4
13334,756,2.5,7.8,48.4,56.2
13335,717,5,3.6,39.5,43.1
13337,361,2.2,0,54,54
13338,1556,4.8,5.7,29.2,34.9
13339,2940,6.6,8.9,41.5,50.4
13340,3591,9.4,5.7,39.8,45.5
13341,53,22.6,0,37.7,37.7
13342,135,0,0,47.4,47.4
13343,1286,10,5.2,22.9,28.1
13345,112,1.8,0,27.7,27.7
13346,2287,9.9,5.6,37.8,43.4
13348,723,1.7,7.7,45,52.7
13350,4997,11.6,8.1,50.9,59
13352,71,0,0,100,100
13353,315,9.5,8.9,25.1,34
13354,1479,13.7,1.8,25.1,26.9
13355,392,1.8,0,61,61
13357,4814,11.4,4.3,48.6,52.9
13360,1045,8.7,6.8,37.7,44.5
13361,378,6.3,0.5,46.6,47.1
13362,75,0,0,84,84
13363,1037,9.9,4.9,15.9,20.8
13364,124,4,0,87.9,87.9
13365,4219,8.8,3.7,53.3,57
13367,4122,6,5.5,37.7,43.2
13368,609,7.9,3.6,41.5,45.1
13402,957,3.3,0.7,34.7,35.4
13403,1801,15.7,3.5,14.8,18.3
13404,77,0,6.5,36.4,42.9
13406,332,6,5.4,50.3,55.7
13407,2337,15.7,5.8,42.8,48.6
13408,1199,3.9,1.4,36.2,37.6
13409,1062,3.8,1.3,44.2,45.5
13410,107,9.3,5.6,83.2,88.8
13411,1687,5.6,4.2,41.6,45.8
13413,7256,22.3,7.8,15.1,22.9
13415,32,0,0,75,75
13416,1059,4.5,0.3,34.6,34.9
13417,1911,22.6,5.9,42.3,48.2
13418,100,0,3,40,43
13420,2921,7.9,7.9,26.4,34.3
13421,6251,10.2,4.5,50.8,55.3
13424,1036,12.6,4.3,38.3,42.6
13425,967,5.9,0,48,48
13428,744,5.2,3.8,28.8,32.6
13431,803,6.4,4.9,29.5,34.4
13433,822,5.8,6.8,36.9,43.7
13435,136,1.5,0.7,81.6,82.3
13436,586,11.9,4.1,22,26.1
13437,702,8.3,3.7,16.1,19.8
13438,2118,8.9,2.7,26.5,29.2
13439,2433,3.3,4.4,48.5,52.9
13440,19029,21.4,10.1,31.2,41.3
13441,18,0,0,0,0
13450,53,0,0,24.5,24.5
13452,2113,7.1,6.6,41.3,47.9
13454,436,5,0.9,31,31.9
13456,1735,10.4,3,25,28
13459,1150,7.7,2.6,44.1,46.7
13460,2032,6.5,0.8,34,34.8
13461,1277,17.1,7.8,41.2,49
13464,655,4.4,3.2,36.6,39.8
13468,194,0,6.7,41.2,47.9
13469,364,22.5,0,39.8,39.8
13470,686,4.1,6.4,23.5,29.9
13471,1466,10,2.7,12.4,15.1
13472,293,9.9,0,14.7,14.7
13473,427,4.7,1.6,40.7,42.3
13475,20,0,35,50,85
13476,1445,6,2.4,30.8,33.2
13477,728,1.5,0,29.8,29.8
13478,1248,17.7,5.1,17.7,22.8
13480,1559,5.9,5.1,52.9,58
13483,110,2.7,0,31.8,31.8
13484,79,0,0,83.5,83.5
13485,539,3,2.2,27.6,29.8
13486,379,10,3.2,37.2,40.4
13488,100,0,0,31,31
13489,351,10,0.9,26.5,27.4
13490,666,2.1,1.1,26.7,27.8
13491,1571,3.8,4.5,36,40.5
13492,5434,26.2,5.4,19.2,24.6
13493,892,3.8,1.9,13.2,15.1
13494,581,9.1,14.8,25.8,40.6
13495,905,23.8,18.7,40.4,59.1
13501,17137,12.3,7.1,59.6,66.7
13502,14789,18.1,7.4,42.6,50
13601,17783,8.8,5.1,44.6,49.7
13602,123,0,21.1,0,21.1
13603,3516,0.9,0.1,4.4,4.5
13605,2232,5.2,4.1,38.5,42.6
13606,1162,6.3,0,31.5,31.5
13607,1703,7.1,5.3,40.5,45.8
13608,635,4.4,3.3,48.2,51.5
13612,1080,6.5,3.2,26,29.2
13613,1204,16.6,8.8,20.8,29.6
13614,122,0,7.4,18,25.4
13615,498,2.4,1.6,64.7,66.3
13616,877,3.1,3.4,13,16.4
13617,3959,6,3.5,40.5,44
13618,2371,4.3,4.1,20.4,24.5
13619,4826,4.2,3.5,36.9,40.4
13620,823,6.8,3.2,39.4,42.6
13621,289,12.1,0,15.2,15.2
13622,1391,9.3,3.3,31.5,34.8
13623,61,27.9,8.2,34.4,42.6
13624,3913,7.5,3.5,35.4,38.9
13625,1108,10,3.8,24.5,28.3
13626,1324,2.6,2,30.2,32.2
13628,86,3.5,12.8,72.1,84.9
13630,607,7.7,0,42.7,42.7
13633,185,3.8,2.7,41.6,44.3
13634,2342,7.4,4,29.9,33.9
13635,541,5.7,5.4,37.5,42.9
13636,131,3.1,0,74.8,74.8
13637,1892,2,4.2,12.1,16.3
13638,162,29.6,10.5,27.2,37.7
13639,150,3.3,8,32.7,40.7
13640,989,5.3,3.3,18.6,21.9
13641,267,7.1,0,13.5,13.5
13642,4262,7.9,3,38.5,41.5
13646,2812,9.2,6.7,30.3,37
13647,39,0,0,0,0
13648,1715,6.2,5.6,30.6,36.2
13650,1563,7.8,3.8,26.8,30.6
13651,181,5.5,5,37.6,42.6
13652,933,6.2,3.5,34.1,37.6
13654,1165,3.8,2.7,36,38.7
13655,1280,5.4,0,9,9
13656,1118,4.9,0.4,35,35.4
13658,977,6.1,4.4,37.5,41.9
13659,399,4,2,23.8,25.8
13660,704,6,0,43.5,43.5
13661,1058,9.2,1.9,27,28.9
13662,7877,26.4,14.6,19,33.6
13664,234,3,9.4,46.6,56
13665,436,2.3,6.2,38.8,45
13666,200,27.5,11,32.5,43.5
13667,1262,4.5,3.6,37,40.6
13668,1697,14.3,1.9,35.9,37.8
13669,7504,11.9,4.4,42,46.4
13670,373,11.5,9.1,33,42.1
13672,722,8.6,4,34.5,38.5
13673,988,0.8,1.8,32,33.8
13674,68,13.2,0,76.5,76.5
13675,95,22.1,0,48.4,48.4
13676,5901,14.2,2.3,28,30.3
13677,25,0,0,100,100
13678,96,22.9,8.3,30.2,38.5
13679,1665,5,3.1,27.5,30.6
13680,602,4,1.3,51.8,53.1
13681,346,7.5,3.8,41.6,45.4
13682,404,2.5,1.7,37.6,39.3
13684,723,5.4,3.9,14.9,18.8
13685,1473,5.6,6.4,25.7,32.1
13687,701,7.1,4.9,18.5,23.4
13690,516,15.5,9.7,31.4,41.1
13691,1732,4.7,3.2,30.7,33.9
13692,361,1.4,3.9,73.1,77
13693,1121,7.4,4.3,23.3,27.6
13694,717,9.9,3.6,31.7,35.3
13695,226,14.2,17.3,35.4,52.7
13696,81,0,0,100,100
13697,1007,7.2,7.3,22.9,30.2
13730,1577,6.3,4.6,24.9,29.5
13731,1285,4.4,3.3,19.8,23.1
13732,3112,15.4,2.5,10.7,13.2
13733,2638,6.9,2.4,32.9,35.3
13734,1014,10.9,10.7,26.7,37.4
13736,988,4.1,0.3,29.9,30.2
13739,643,2.5,1.6,24.3,25.9
13740,528,1.1,0,30.7,30.7
13743,1591,3.8,0.7,25.3,26
13744,546,4.6,3.1,15.8,18.9
13746,975,7.6,5.5,24.6,30.1
13748,1425,10.7,9.3,15.2,24.5
13750,641,3.1,2.2,23.1,25.3
13751,50,0,20,20,40
13752,703,3.8,1.3,35.6,36.9
13753,2206,5.1,5,35,40
13754,2301,7.7,5.3,34.6,39.9
13755,946,5.2,9.9,26.3,36.2
13756,535,14.6,5.4,18.1,23.5
13757,679,1.6,1.5,18.6,20.1
13760,21464,18.9,11.2,24.8,36
13774,146,17.8,23.3,30.1,53.4
13775,1036,1.8,3.5,47.5,51
13776,263,1.9,0,70,70
13777,199,1.5,4.5,12.1,16.6
13778,2748,9,3.1,35.4,38.5
13780,548,0,1.8,44.7,46.5
13782,496,4,1.6,34.5,36.1
13783,2211,6.6,5.9,33.6,39.5
13784,57,0,0,49.1,49.1
13786,344,2.9,1.2,24.1,25.3
13787,1949,5.6,6.9,22.8,29.7
13788,674,6.5,1.5,33.5,35
13790,8734,13.4,14.1,38.5,52.6
13794,32,0,18.8,43.8,62.6
13795,1577,26.1,7.4,11.8,19.2
13796,743,3.1,0.5,28,28.5
13797,832,2,1.8,26,27.8
13801,1116,4.8,3.7,29.1,32.8
13802,291,15.8,8.2,23,31.2
13803,1773,3.9,4.3,42.5,46.8
13804,226,0,1.3,39.4,40.7
13806,159,6.3,1.9,45.9,47.8
13807,723,2.4,5.5,40.9,46.4
13808,806,3.2,1.7,56,57.7
13809,856,6.1,0,37.7,37.7
13810,682,3.8,2.8,45.5,48.3
13811,1947,7.3,2.1,29.1,31.2
13812,1086,9.9,7.9,34.4,42.3
13813,358,12.8,0,29.3,29.3
13815,6379,11.4,4,38.5,42.5
13820,8829,8.1,7.1,42.4,49.5
13825,1650,3.9,2.1,24.9,27
13826,96,44.8,0,0,0
13827,5586,8.4,2.5,36.6,39.1
13830,2788,4.9,2,36.2,38.2
13832,350,9.7,0,25.1,25.1
13833,1888,8.4,8.8,20.3,29.1
13834,88,0,38.6,45.5,84.1
13835,666,2.4,2.6,22.5,25.1
13838,2301,19.9,12.6,33,45.6
13839,731,8.2,7.1,21.8,28.9
13841,324,3.7,3.7,45.7,49.4
13842,360,0,4.4,25.6,30
13843,1168,4.6,5,43.1,48.1
13844,326,13.8,5.5,18.7,24.2
13846,211,6.6,0,74.9,74.9
13847,63,9.5,0,14.3,14.3
13849,2238,8.3,2.8,30.5,33.3
13850,9624,20.9,7,12.2,19.2
13856,3878,10.7,2.7,31.4,34.1
13859,114,0,0,45.6,45.6
13860,26,23.1,0,76.9,76.9
13861,116,7.8,0,24.1,24.1
13862,1891,6.1,6.8,30.5,37.3
13863,324,2.8,9.6,34,43.6
13864,578,9,2.8,22.7,25.5
13865,2884,13.4,2.6,19.8,22.4
13901,9540,17.9,9.4,32.4,41.8
13902,8,0,0,0,0
13903,8697,14.9,11.2,33.5,44.7
13904,4196,13.6,13.3,39.9,53.2
13905,13373,11.1,12.5,46.2,58.7
14001,4333,9.2,3.2,27.5,30.7
14004,4264,14.2,2.5,23.6,26.1
14005,714,7.1,4.6,40.1,44.7
14006,5207,22.5,12.7,30.8,43.5
14008,653,1.8,8.9,59.6,68.5
14009,2621,7.9,3.1,32.4,35.5
14011,2753,11.5,5.2,46.3,51.5
14012,1066,10,3.4,52,55.4
14013,760,9.6,3.6,40.5,44.1
14020,10360,11.6,6.7,39.6,46.3
14024,864,4.1,3.2,35,38.2
14025,1439,14.3,3.9,17.4,21.3
14026,350,30,0,14.3,14.3
14028,840,23.3,2.5,39.6,42.1
14030,726,11.7,3.6,30.7,34.3
14031,4179,14.5,4.2,12.5,16.7
14032,3123,5.4,2,12.7,14.7
14033,1060,15.6,8,18.3,26.3
14034,828,14.6,11.1,39,50.1
14035,33,0,0,100,100
14036,2358,5.2,6.7,36.7,43.4
14037,427,19.2,2.3,37.2,39.5
14039,52,23.1,0,65.4,65.4
14040,879,10.8,5.2,30.4,35.6
14041,116,0,0.9,75,75.9
14042,1982,7.8,3.3,20.3,23.6
14043,11558,19.9,5.4,12.5,17.9
14047,2862,17.6,4.9,15.8,20.7
14048,7119,18.1,11.8,48.7,60.5
14051,7879,3.9,1.8,4.6,6.4
14052,7158,15.3,5.6,32.4,38
14054,602,13,4.8,38,42.8
14055,604,7.3,0,17.1,17.1
14057,3466,17.7,8.3,26.9,35.2
14058,848,15.1,6.5,37.7,44.2
14059,4279,12.2,4.5,17.4,21.9
14060,270,6.7,1.9,37.8,39.7
14061,153,11.8,4.6,69.9,74.5
14062,1528,7.7,2.2,31.8,34
14063,6127,11.9,7.1,41.9,49
14065,864,6.8,5.8,22,27.8
14066,595,1.5,4.7,40.7,45.4
14067,2261,10.7,8.5,41.4,49.9
14068,2923,6.1,1.6,4.5,6.1
14069,438,5.5,2.3,23.3,25.6
14070,2449,13.4,8.8,45.5,54.3
14072,8541,20.5,3.9,5.7,9.6
14075,18647,17,7.1,13.9,21
14080,1806,12.4,6.9,26.6,33.5
14081,1649,12.9,11.3,22.4,33.7
14082,216,10.2,12,31.5,43.5
14085,2765,16.8,4,12.2,16.2
14086,13537,10.8,4.7,17,21.7
14091,488,4.5,2.7,29.9,32.6
14092,5211,29.2,10,15.7,25.7
14094,22914,10.5,5.2,34,39.2
14098,1663,13.2,4.9,42.8,47.7
14101,1031,5.3,7.7,26.9,34.6
14102,467,9.9,0,38.5,38.5
14103,4930,9.7,5.6,50.4,56
14105,1874,11.5,2.1,50.6,52.7
14108,2453,11.9,2.4,32.3,34.7
14111,1416,16.2,3,41.2,44.2
14113,356,11,3.4,46.3,49.7
14120,20205,21.2,9.6,24,33.6
14125,1474,6.5,6.3,53.9,60.2
14126,406,10.3,0,50.5,50.5
14127,12742,17.1,5.1,9,14.1
14129,667,14.4,4.2,38.7,42.9
14130,79,8.9,5.1,55.7,60.8
14131,2169,13.3,7.4,33.4,40.8
14132,2613,15.1,4.7,30.9,35.6
14134,45,22.2,11.1,35.6,46.7
14135,59,0,15.3,67.8,83.1
14136,2500,13.8,8.8,46.2,55
14138,921,5.8,3.6,49.5,53.1
14139,1093,8.8,4.3,42.2,46.5
14141,3463,11.9,6.7,35.5,42.2
14143,571,13.8,7.4,32.4,39.8
14145,697,8,0,30.8,30.8
14150,20037,43.6,9,19.3,28.3
14167,814,8.4,3.4,27.5,30.9
14168,13,0,0,100,100
14169,67,0,0,10.4,10.4
14170,1087,20.7,5.3,33.9,39.2
14171,1061,6.7,1.7,28.3,30
14172,1560,11.5,4.4,51,55.4
14173,164,23.2,5.5,47,52.5
14174,2720,22.7,4.2,18.9,23.1
14201,6442,3.2,7.6,62.7,70.3
14202,2228,22.9,7.4,30.7,38.1
14203,1129,9.6,2.6,46.1,48.7
14204,5358,10.3,8.2,42.7,50.9
14206,10388,21.5,12.4,51.4,63.8
14207,11014,13.4,11.4,60.5,71.9
14208,5664,6.5,8.5,68.5,77
14209,4733,4.8,7,60.5,67.5
14210,7124,12.2,14.8,63.4,78.2
14211,12130,11.7,13.7,59.5,73.2
14212,6156,13.1,10.3,62.1,72.4
14213,11170,2.4,7.3,79.9,87.2
14214,9103,8.9,7.5,69.1,76.6
14215,18856,11,12.7,66.7,79.4
14216,11559,17.3,12.1,58,70.1
14217,11537,20.9,18.3,43.6,61.9
14218,8963,20.7,16.1,33.5,49.6
14219,5637,24.1,10.5,18.9,29.4
14220,10801,21,16.3,54,70.3
14221,23904,15.6,5.2,9,14.2
14222,7915,5.3,7.3,75.6,82.9
14223,10459,46.8,21.8,13.4,35.2
14224,18660,20.7,5.9,11.2,17.1
14225,16348,38.1,18.6,9.8,28.4
14226,13143,36.5,17.9,20.5,38.4
14227,11056,10.8,2.8,5.1,7.9
14228,9923,5.2,1.1,5.2,6.3
14261,8,0,0,0,0
14301,7387,15.2,15,61,76
14302,56,66.1,0,0,0
14303,3492,10.9,15.8,62.8,78.6
14304,13881,28.8,11.6,17,28.6
14305,8256,16.7,14.9,46.4,61.3
14411,5543,6.2,2.9,50.2,53.1
14414,3094,11.9,0.8,26,26.8
14415,93,5.4,0,52.7,52.7
14416,1470,5.9,1.6,34.8,36.4
14418,858,0,2.7,34.1,36.8
14420,7623,8.7,3.6,20.4,24
14422,996,9,1.9,35.9,37.8
14423,2010,8.9,3,33.9,36.9
14424,13542,5.8,2.7,27.6,30.3
14425,4806,1,0.2,4.7,4.9
14427,1004,8.8,7.1,45.7,52.8
14428,3292,7.4,1.8,18.6,20.4
14432,2453,1.6,1.4,46.8,48.2
14433,1751,8.4,7.5,46.6,54.1
14435,1728,10.6,4,24.4,28.4
14437,4630,8.7,4.6,37,41.6
14441,229,17.9,4.4,52.8,57.2
14445,3596,18.5,8.7,36.7,45.4
14450,17742,6,2.9,8.5,11.4
14454,3816,9.4,3.4,21,24.4
14456,8697,10.5,5,48.6,53.6
14462,230,0,9.1,42.2,51.3
14464,3033,2.1,1.1,21.9,23
14466,829,1.7,1.7,39.1,40.8
14467,4252,8.7,0,5,5
14468,7139,7.1,2.2,23.6,25.8
14469,2720,3.9,2.2,32.9,35.1
14470,3435,7.3,3.3,39.2,42.5
14471,1963,25,9.7,22.7,32.4
14472,3359,9.9,2.7,31.4,34.1
14475,126,0,0,14.3,14.3
14476,1005,7.1,2,36.5,38.5
14477,770,4.5,1.2,39.6,40.8
14478,650,13.2,6.5,16.8,23.3
14479,118,0,0,66.1,66.1
14480,360,3.3,7.5,53.9,61.4
14481,905,3.8,0.4,32.8,33.2
14482,3774,9.6,3,41.2,44.2
14485,1824,3.6,0,24.3,24.3
14486,158,0,0,47.5,47.5
14487,2646,5.6,2.9,45.9,48.8
14489,3064,6,7.2,49.5,56.7
14502,4399,5.6,1.3,17.1,18.4
14504,813,8,4.3,39.7,44
14505,2133,6,5.2,24.7,29.9
14506,591,0,0,12.2,12.2
14507,902,3.5,5.2,26.1,31.3
14510,2042,9.2,2.3,51,53.3
14511,221,0,10,51.1,61.1
14512,2725,2.9,1.8,33.8,35.6
14513,6276,9.4,9.2,35.8,45
14514,2728,7.2,3.5,7.7,11.2
14516,1130,3.4,7.1,36.5,43.6
14517,1331,3.1,2.4,52.4,54.8
14519,5242,8.8,1.9,18.4,20.3
14521,1240,9.4,6.2,40.1,46.3
14522,4203,9.9,8.1,27.6,35.7
14525,1027,4.9,4.2,32.6,36.8
14526,8589,11.4,3.3,5.8,9.1
14527,7002,8.9,4.2,40.1,44.3
14529,47,0,0,48.9,48.9
14530,2732,5.9,8.2,58,66.2
14532,1897,8.3,2.2,47.2,49.4
14533,764,8.2,1.2,51.3,52.5
14534,12649,9.2,2.8,7.9,10.7
14536,290,5.2,5.9,49,54.9
14537,55,16.4,0,56.4,56.4
14539,59,0,15.3,40.7,56
14541,1315,11.8,13.6,23,36.6
14542,20,0,0,75,75
14543,1273,18.8,3.1,18.9,22
14544,1263,5.9,2.1,32.5,34.6
14545,91,22,3.3,47.3,50.6
14546,2028,17.7,0.7,19.4,20.1
14548,1740,3.3,1.6,34.9,36.5
14549,39,0,41,12.8,53.8
14550,902,4,3.9,49.8,53.7
14551,2404,8.6,3.5,43.6,47.1
14555,1030,12.5,8.5,40.3,48.8
14559,7011,13.8,2.2,16.5,18.7
14560,1139,7.3,3.3,30.1,33.4
14561,1223,6.1,5.8,54.6,60.4
14564,6121,2.9,1.1,12.8,13.9
14568,2273,5.6,1.5,19.2,20.7
14569,2929,8.6,5.4,46.3,51.7
14571,745,17.9,4.3,45.5,49.8
14572,2609,4.6,4.1,36.9,41
14580,21906,12.1,3,8,11
14585,65,0,0,0,0
14586,4304,2.7,1,5.1,6.1
14588,64,0,0,50,50
14589,3363,6.2,5.7,32.8,38.5
14590,3251,11.5,10.1,31.3,41.4
14591,724,3.6,3.2,46.1,49.3
14592,111,0,35.1,44.1,79.2
14604,1905,13.1,1.7,42.5,44.2
14605,5449,9.1,8,37.1,45.1
14606,12398,10.9,5.6,27.5,33.1
14607,10303,8.8,7.8,60.3,68.1
14608,6229,4.6,6.2,46.7,52.9
14609,19648,18.4,13.4,43.9,57.3
14610,7494,24.3,11.4,33.8,45.2
14611,8085,7.2,11.4,56.8,68.2
14612,15890,11.7,5.1,17.5,22.6
14613,6103,2.5,10.3,68.8,79.1
14614,87,0,0,57.5,57.5
14615,7800,12.7,11.4,32.7,44.1
14616,12893,27.8,13,13.8,26.8
14617,10123,26.7,13.9,27.6,41.5
14618,8795,20.5,10.6,22.8,33.4
14619,6143,7.5,11.7,63.5,75.2
14620,12386,8,9.8,47.5,57.3
14621,14724,11.7,8.4,43,51.4
14622,5855,27.6,14.6,24.6,39.2
14623,9429,22.2,3.5,5.2,8.7
14624,14689,14.1,6.1,6.3,12.4
14625,4684,18.1,5.5,9.8,15.3
14626,13569,15.3,3.9,3.9,7.8
14701,19601,15.1,8.7,50.5,59.2
14706,2973,13,4.7,22.4,27.1
14707,139,0,2.9,50.4,53.3
14708,153,3.3,1.3,35.3,36.6
14709,1025,3,1.8,36.4,38.2
14710,2108,14,7.6,30.6,38.2
14711,1037,7.4,0.9,33.1,34
14712,2332,11.4,11.2,24.4,35.6
14714,342,7.3,0.6,23.4,24
14715,1515,6.8,10.8,38.8,49.6
14716,998,9.4,6.9,46,52.9
14717,958,12.6,16.1,12.8,28.9
14718,1035,8.6,3.9,35.1,39
14719,1806,5.3,1.9,49.2,51.1
14720,450,12,11.1,52.2,63.3
14721,99,25.3,0,8.1,8.1
14722,1176,0,6.3,39.5,45.8
14723,624,4.5,6.3,42.1,48.4
14724,1561,6.4,7.2,23.6,30.8
14726,790,4.6,2.9,30.3,33.2
14727,3574,7.3,5.2,26.8,32
14728,967,9.1,2.3,29.6,31.9
14729,491,3.1,2.4,37.1,39.5
14731,2684,3.5,1.5,19.4,20.9
14732,61,0,0,75.4,75.4
14733,1739,10.5,7,52.3,59.3
14735,1647,4.6,2.7,40.3,43
14736,156,0,0,26.3,26.3
14737,2556,4,2,30.1,32.1
14738,1905,10.4,5.5,28.8,34.3
14739,1766,7.9,1.5,34.3,35.8
14740,665,11,6.3,22.1,28.4
14741,1356,2.6,3.7,19.4,23.1
14742,85,8.2,36.5,34.1,70.6
14743,957,5.4,4.8,33.8,38.6
14744,546,8.6,3.3,27.8,31.1
14747,1049,10.9,5.1,26.3,31.4
14748,339,4.1,4.4,11.2,15.6
14750,2470,18.7,11,23.3,34.3
14752,293,0,14,67.9,81.9
14753,574,7.8,9.9,30,39.9
14754,376,8,4.3,22.9,27.2
14755,1694,7.5,6.2,37.4,43.6
14756,125,44.8,0,48.8,48.8
14757,2562,9.1,9.5,29.7,39.2
14760,9367,13.6,9.8,46.5,56.3
14767,768,4.9,5.1,36.1,41.2
14769,536,12.1,5.4,35.1,40.5
14770,1231,7.9,9.5,34,43.5
14772,1709,7,7.7,39.6,47.3
14774,31,16.1,16.1,32.3,48.4
14775,1227,9.5,3.4,43.8,47.2
14777,831,12.9,6,21.7,27.7
14779,3299,9.9,6.5,51.3,57.8
14781,927,8.1,0.6,51,51.6
14782,1113,5,3.4,38,41.4
14783,210,0,7.6,19.5,27.1
14784,497,8.9,3.6,23.1,26.7
14787,2563,11.8,3.4,42.9,46.3
14788,91,17.6,29.7,52.7,82.4
14801,2475,3.6,3.5,35.8,39.3
14802,445,6.7,7,25.2,32.2
14803,584,8.4,2.9,29.8,32.7
14804,906,7.8,2.5,27.7,30.2
14805,468,4.5,3.4,37.4,40.8
14806,1118,6.6,10.2,37.4,47.6
14807,1449,4.3,3,27.8,30.8
14808,240,1.3,10.8,61.7,72.5
14809,1181,4.7,4,39.5,43.5
14810,6137,10.2,7.3,27.5,34.8
14812,1388,19.3,2.6,16.9,19.5
14813,1393,6.2,4,39.6,43.6
14814,644,15.7,2.8,15.7,18.5
14815,702,9.4,5.4,22.2,27.6
14816,144,2.8,0,58.3,58.3
14817,885,10.6,0,30.2,30.2
14818,1179,5.7,4.4,37.7,42.1
14819,314,4.1,2.9,33.4,36.3
14820,411,5.6,4.6,23.4,28
14821,1467,8.2,6.7,16.8,23.5
14822,706,8.8,3.7,42.2,45.9
14823,2034,8.8,4,44.1,48.1
14824,279,6.5,7.2,17.9,25.1
14825,390,4.1,9.5,33.3,42.8
14826,1096,4,4.3,42.4,46.7
14827,113,13.3,11.5,75.2,86.7
14830,9534,11.8,9.1,42,51.1
14836,492,4.9,1,19.3,20.3
14837,3096,5.2,3.6,37.9,41.5
14838,897,4.9,2.5,17.1,19.6
14839,421,1.7,2.9,45.4,48.3
14840,2952,11.8,5.5,35.8,41.3
14841,595,9.6,12.8,35.6,48.4
14842,487,9.4,2.7,24.4,27.1
14843,6085,5.7,7.2,52.9,60.1
14845,9557,19.7,3.3,13.6,16.9
14846,485,4.9,7.2,30.1,37.3
14847,1308,10.9,4.9,37.9,42.8
14850,27180,9.3,2.3,27.2,29.5
14854,21,42.9,0,57.1,57.1
14855,400,2.3,3.8,45.5,49.3
14856,119,0,24.4,51.3,75.7
14858,660,5.9,1.5,25.8,27.3
14859,453,8.2,0,43.7,43.7
14860,896,11.2,2.8,33.6,36.4
14861,697,9,2.3,21.1,23.4
14864,610,11.5,2.8,25.6,28.4
14865,1266,6.9,4,38.5,42.5
14867,2663,6.4,1.3,20.1,21.4
14869,531,12.4,4.1,39.4,43.5
14870,4510,14,4.2,18.5,22.7
14871,2044,17.1,7.9,28.9,36.8
14872,307,27,1.3,16.6,17.9
14873,1768,2.7,1.4,25.1,26.5
14874,261,7.3,2.3,39.8,42.1
14877,322,2.5,2.5,33.5,36
14878,478,4,14,35.4,49.4
14879,1019,6.8,2.8,41.3,44.1
14880,1029,9.5,4.1,18.1,22.2
14881,113,0,0,25.7,25.7
14882,1835,12.9,1.6,13.9,15.5
14883,2111,9.4,4,26.7,30.7
14884,290,8.6,0.7,21.4,22.1
14885,414,2.2,2.9,41.3,44.2
14886,3475,5.8,4.2,36.4,40.6
14889,721,6.9,5.3,31.9,37.2
14891,2192,7.3,5.1,46.6,51.7
14892,3626,8,5.3,40.9,46.2
14893,22,0,45.5,0,45.5
14894,597,12.1,4.9,23.5,28.4
14895,5062,9.2,11.6,38,49.6
14897,414,6.5,10.9,43,53.9
14898,772,4,1.6,27.7,29.3
14901,6220,7.2,8,65.4,73.4
14903,3437,15,7.1,33.2,40.3
14904,7357,12.5,12.5,54.1,66.6
14905,4368,20.8,14.1,49.6,63.7
