Percent Elevated Lead Cases,One race - White,One race - Black or African American,One race - American Indian and Alaska Native,One race - Asian,One race - Native Hawaiian and Other Pacific Islander,One race - Some other race,Two or more races,Hispanic or Latino origin (of any race),"White alone, not Hispanic or Latino",Median Income,Population for whom poverty status is determined - Below 100 percent of the poverty level
0.0,53.9,4.5,0.1,35.0,0.0,1.9,4.6,6.1,50.5,51907,11.7
0.0,92.3,1.2,0.0,0.4,0.0,3.2,2.9,8.7,87.4,50972,0.6
0.0,75.1,1.6,0.2,16.9,0.0,3.4,2.8,7.7,70.8,71563,2.5
0.0,83.0,2.0,0.0,15.0,0.0,0.0,0.0,9.3,74.5,29286,2.3
0.0,95.1,0.2,0.1,3.5,0.0,0.2,1.0,2.2,93.3,82682,3.4
0.0,85.2,2.6,0.4,3.3,0.0,6.4,2.1,20.2,72.6,37465,4.5
0.0,77.9,4.3,0.0,1.8,0.0,12.6,3.5,16.2,75.3,41667,6.7
0.0,87.0,3.4,0.3,2.9,0.0,3.6,2.7,14.7,78.3,40173,4.6
0.0,94.5,1.0,0.4,0.8,0.0,1.4,1.8,7.4,88.6,46386,3.6
0.0,91.8,0.0,0.0,1.4,0.0,3.5,3.3,6.6,89.0,35542,0.0
0.0,95.2,0.0,0.0,4.8,0.0,0.0,0.0,0.0,95.2,44556,9.1
0.0,80.5,5.9,0.3,7.0,0.0,4.1,2.1,9.7,74.9,48192,3.8
0.0,37.8,30.9,1.2,7.6,0.0,18.5,4.0,32.1,26.5,32384,10.3
1.514,86.8,3.3,0.0,3.0,0.0,1.8,5.2,6.8,82.8,45665,6.7
0.0,83.3,2.6,0.0,3.3,0.0,10.8,0.0,11.3,82.8,58224,4.5
0.0,97.1,0.4,0.0,2.6,0.0,0.0,0.0,0.2,96.8,53214,1.2
0.0,75.6,3.3,0.8,13.0,0.0,4.5,2.9,11.2,70.1,50824,6.9
0.0,72.6,8.7,0.7,10.5,0.0,5.3,2.3,13.7,64.8,59410,6.4
1.725,86.0,1.1,0.0,4.6,0.0,7.2,1.0,11.5,82.2,42386,3.9
0.0,100.0,0.0,0.0,0.0,0.0,0.0,0.0,9.6,90.4,29813,0.0
0.5130769230769231,86.7,9.6,0.0,0.0,0.0,0.0,3.7,7.3,79.4,30255,5.3
0.0,92.8,0.6,0.0,1.7,0.0,3.5,1.3,10.3,86.4,40355,3.0
0.625,73.7,0.3,0.0,15.9,0.0,8.9,1.3,8.5,72.1,72731,0.3
0.0,75.9,8.0,0.0,3.9,0.0,11.4,0.8,25.5,63.1,32395,6.4
0.0,84.4,5.8,0.0,0.8,0.0,7.2,1.8,14.9,77.7,36250,8.8
0.0,74.0,4.1,0.3,4.0,0.0,15.6,2.1,31.2,59.6,39991,7.3
3.845,13.1,73.8,0.5,1.7,0.0,7.9,3.0,17.0,7.5,27289,18.3
0.0,46.6,42.5,0.3,3.3,0.0,4.5,2.9,16.9,37.8,36709,9.9
0.0,87.7,3.7,0.6,1.8,0.0,2.5,3.6,8.5,81.5,49835,5.1
1.176,51.8,14.0,1.9,4.3,0.0,25.0,3.1,40.1,40.7,33207,10.1
2.8125,41.6,21.4,0.7,3.1,0.0,25.8,7.4,39.3,32.5,28198,13.0
0.0,76.3,6.4,0.1,3.0,0.0,10.8,3.3,20.6,67.4,47500,5.0
0.0,61.7,4.1,1.1,2.8,0.0,28.2,2.1,52.5,40.0,29789,11.2
0.0,91.7,1.6,0.0,3.6,0.0,0.2,2.9,2.1,90.2,76422,1.0
0.0,72.7,12.6,0.3,5.7,0.2,3.0,5.6,13.1,67.0,5114,11.8
0.0,85.7,0.0,0.0,4.0,0.0,10.3,0.0,19.5,76.5,43750,3.6
0.0,93.2,0.0,0.2,0.9,0.0,1.7,4.0,10.8,85.5,52800,3.8
0.0,74.1,4.0,0.8,1.7,0.0,19.5,0.0,35.8,58.6,31957,8.3
0.0,94.2,2.0,0.5,2.1,0.0,1.2,0.1,5.7,90.1,49040,2.8
0.8925,90.9,4.1,0.4,2.7,0.0,1.4,0.5,6.4,86.7,60201,3.8
0.0,67.7,5.7,0.0,4.0,0.0,19.9,2.7,39.4,50.1,37718,10.2
4.763333333333333,89.6,3.5,0.0,1.7,0.0,3.9,1.3,13.0,81.0,46746,3.2
0.5559999999999999,86.7,0.9,0.0,2.5,0.0,7.6,2.3,20.2,76.3,37125,3.4
0.0,100.0,0.0,0.0,0.0,0.0,0.0,0.0,0.0,100.0,123849,0.0
1.9225,86.7,3.6,0.5,5.3,0.0,2.1,1.8,11.2,78.2,49514,2.6
0.0,77.6,6.1,0.4,5.9,0.0,7.6,2.4,22.8,64.2,36804,8.2
5.152,50.1,26.4,0.9,4.7,0.1,14.9,3.1,41.2,29.6,26250,25.4
0.0,47.9,16.9,0.1,8.0,0.0,22.9,4.1,41.0,33.8,30581,16.9
0.0,68.0,11.9,0.2,6.2,0.1,10.6,3.1,26.5,55.8,39043,6.7
5.151999999999999,45.9,19.4,0.5,7.5,0.0,22.4,4.4,52.8,22.4,25704,22.1
3.85,91.1,1.1,0.1,6.8,0.0,0.6,0.3,4.6,86.6,51854,1.7
0.0,50.7,25.9,0.0,4.6,0.1,14.2,4.5,35.2,32.4,27019,16.0
4.763333333333333,79.5,4.8,0.0,7.0,0.1,6.3,2.3,13.4,73.1,42314,6.2
0.0,87.9,2.1,0.0,5.6,0.0,2.3,2.2,10.9,79.6,42344,1.8
0.0,80.5,19.5,0.0,0.0,0.0,0.0,0.0,0.0,80.5,36188,0.0
0.0,100.0,0.0,0.0,0.0,0.0,0.0,0.0,0.0,100.0,55417,0.0
0.0,93.1,0.7,0.0,3.8,0.0,2.3,0.0,6.9,87.3,34593,7.5
2.21,86.0,0.0,0.0,2.8,0.0,6.1,5.1,24.5,70.2,43920,8.7
0.0,77.8,9.1,0.6,3.7,0.0,6.7,2.2,19.8,66.2,38773,5.8
1.9481818181818182,97.7,0.8,0.0,0.6,0.0,0.9,0.0,7.7,90.0,36285,5.4
0.0,81.9,1.9,0.3,10.0,0.0,2.5,3.3,15.9,70.3,41634,7.7
4.35,83.3,5.3,1.3,0.8,0.0,3.5,5.7,13.8,77.0,36199,2.8
0.0,75.1,6.0,0.9,2.6,0.0,14.6,0.9,18.0,71.7,42981,3.8
0.0,62.5,10.3,0.0,6.5,0.0,17.2,3.6,38.2,42.8,29494,11.2
0.0,84.6,6.1,0.1,2.1,0.0,4.0,3.2,13.4,77.2,34341,6.4
0.5285714285714286,82.5,1.8,2.2,0.4,0.0,0.2,13.0,19.1,75.8,37450,7.1
0.0,58.4,18.7,0.0,4.5,0.0,15.9,2.6,26.6,49.2,37869,8.9
0.0,45.3,11.2,0.0,1.7,0.0,39.7,2.1,68.7,20.4,24260,16.3
2.6966666666666668,69.7,17.6,0.3,4.7,0.0,3.0,4.8,13.7,59.8,43005,4.5
0.0,82.1,6.8,0.0,4.8,0.0,4.7,1.6,17.0,70.8,50865,6.2
1.8363636363636362,37.6,22.5,5.1,3.2,0.0,19.3,12.4,26.7,31.7,30208,11.0
1.968333333333333,56.8,18.4,0.2,3.4,0.1,16.4,4.8,32.5,44.6,29111,15.6
0.0,58.3,21.1,1.0,5.7,0.0,8.2,5.8,22.2,47.9,32003,7.6
1.0791666666666666,87.0,2.9,0.3,2.8,0.0,5.1,1.9,12.0,81.1,35453,25.5
0.0,91.9,4.6,0.0,1.7,0.0,1.3,0.6,2.6,90.9,24834,33.7
0.0,100.0,0.0,0.0,0.0,0.0,0.0,0.0,0.0,100.0,76250,0.0
7.145,64.6,15.0,0.3,12.5,0.0,3.9,3.6,13.7,56.6,41495,6.9
0.0,75.1,8.7,0.1,10.3,0.0,2.8,3.1,9.6,69.9,49862,4.1
1.4874999999999998,89.3,7.2,0.0,0.3,0.0,2.6,0.5,15.1,77.4,37955,2.8
0.0,72.4,16.8,0.2,3.6,0.1,2.7,4.3,16.4,59.8,40740,10.2
0.0,80.5,4.9,0.3,12.0,0.0,1.3,1.0,7.5,75.0,41641,6.5
0.7441666666666666,63.3,19.7,0.4,2.9,0.0,7.1,6.6,20.8,55.4,24058,15.1
1.299090909090909,83.5,1.9,0.8,12.0,0.0,0.0,1.8,4.1,79.4,47589,7.9
0.0,88.4,2.5,1.5,4.4,0.0,2.3,0.8,8.1,83.0,46478,6.2
0.6407692307692308,81.9,4.4,0.0,8.1,0.0,1.7,3.9,11.6,72.1,53628,5.1
0.8928571428571429,87.9,4.3,0.0,3.2,0.0,0.0,4.5,5.5,83.1,40259,1.6
0.0,55.9,22.0,0.0,9.4,0.0,6.3,6.4,20.0,50.2,41329,6.2
0.0,88.4,5.3,0.4,1.3,0.0,3.4,1.3,4.9,87.3,40528,2.7
0.0,90.2,5.6,0.0,1.4,0.0,1.8,0.9,14.7,80.2,40027,5.4
0.33999999999999997,75.0,8.7,0.4,6.5,0.1,8.6,0.7,15.0,70.8,21543,13.8
0.695,51.1,28.3,0.1,3.2,0.0,15.4,1.9,22.8,45.0,25581,26.4
0.0,77.3,10.1,0.2,2.2,0.0,7.3,3.0,18.6,69.7,40035,7.3
0.0,77.4,0.8,0.0,15.6,0.0,2.6,3.5,11.9,71.0,46315,3.2
0.588,74.9,12.8,0.0,3.5,0.0,6.6,2.3,30.5,54.5,40553,2.8
0.0,100.0,0.0,0.0,0.0,0.0,0.0,0.0,0.0,100.0,37027,5.7
0.0,90.2,2.3,0.0,1.3,0.0,2.1,4.2,11.6,84.8,50594,3.6
0.0,87.5,4.9,0.0,4.2,0.0,1.8,1.6,8.1,82.3,55543,3.1
0.0,84.1,1.7,0.0,0.0,0.0,10.1,4.2,24.7,69.4,42604,3.0
0.0,70.3,5.7,0.2,15.4,0.0,3.4,5.0,18.2,59.0,47808,1.7
0.0,85.3,7.3,0.5,2.1,0.3,2.6,1.9,6.4,82.8,40356,4.5
0.0,82.7,5.5,0.1,1.0,0.0,9.3,1.4,19.3,73.9,37908,4.5
0.0,79.5,6.1,0.4,4.4,0.0,3.2,6.3,10.3,73.3,12017,1.3
0.41111111111111115,88.8,2.9,1.0,0.3,0.0,6.4,0.6,13.9,82.0,36615,5.4
0.0,68.5,5.5,0.1,18.6,0.0,4.8,2.6,11.8,62.3,43865,3.4
0.0,43.0,7.4,0.7,38.7,0.3,5.4,4.6,14.2,34.7,41636,6.2
10.002500000000001,77.4,1.4,0.0,10.6,0.0,7.9,2.7,17.6,68.7,40066,3.8
0.0,39.5,13.3,0.3,40.1,0.0,5.8,0.9,7.3,38.4,48125,3.4
0.0,73.1,2.0,0.6,20.7,0.0,2.0,1.6,6.1,69.4,53046,7.0
3.03,88.9,0.8,0.0,8.4,0.0,0.8,1.0,4.4,85.8,42133,5.5
8.055,81.4,0.7,0.2,15.4,0.0,0.5,1.9,5.1,77.1,69876,2.6
7.13,50.5,1.4,0.2,38.9,0.2,6.4,2.5,11.9,44.3,45182,3.9
8.89,81.5,1.8,0.1,11.4,0.0,3.8,1.3,15.6,70.0,49799,5.5
0.0,46.5,16.7,0.5,20.7,0.1,10.8,4.7,27.5,33.4,35593,18.6
0.0,70.1,2.7,0.2,15.3,0.1,8.1,3.5,23.5,56.9,36870,13.4
0.0,68.9,1.5,0.1,21.0,0.0,5.9,2.6,30.8,45.3,36969,13.2
0.0,74.3,2.5,0.3,13.7,0.0,6.6,2.6,21.4,60.7,38189,9.8
0.0,20.7,3.6,0.2,62.4,0.0,10.4,2.7,16.0,16.4,22272,21.0
0.0,12.8,3.3,0.6,72.7,0.1,8.1,2.4,14.0,8.1,20435,23.0
0.0,69.8,0.5,0.2,22.6,0.0,3.9,2.9,14.5,59.9,35469,5.4
0.0,43.5,1.2,0.2,44.9,0.0,7.8,2.4,16.5,35.9,32065,9.9
0.0,56.1,8.1,0.3,26.5,0.0,4.8,4.3,17.5,46.5,30174,13.5
0.0,27.1,15.8,0.2,13.4,0.0,40.2,3.3,64.1,7.3,24311,15.7
0.0,42.0,14.2,1.2,22.2,0.0,18.6,1.8,38.3,24.6,27193,12.3
0.0,24.2,2.4,0.6,50.7,0.0,19.6,2.5,38.7,6.9,23679,18.1
0.0,61.9,2.6,0.3,28.4,0.1,2.5,4.1,15.1,50.8,47471,9.5
0.0,48.5,2.4,0.3,37.9,0.0,7.6,3.3,38.7,19.5,28908,13.5
0.0,74.0,1.4,0.3,11.1,0.1,10.5,2.6,31.3,54.9,33158,9.4
0.0,2.2,91.7,0.2,1.3,0.2,2.7,1.6,5.6,1.4,33540,7.7
0.0,39.7,7.5,0.8,26.1,0.0,20.6,5.2,45.0,15.5,27722,15.2
0.0,10.5,17.2,1.0,29.7,0.0,35.6,6.1,20.5,3.9,25179,14.7
14.29,13.3,37.5,1.1,29.6,0.0,14.9,3.6,14.0,10.0,28783,8.6
0.0,41.4,4.9,0.4,42.2,0.0,8.1,3.0,20.5,30.3,37346,8.8
0.0,22.8,19.0,0.1,25.7,0.6,19.8,11.9,24.8,12.8,31648,7.9
16.67,22.1,15.6,0.5,40.9,0.2,16.3,4.4,25.7,12.6,23704,17.7
0.0,19.3,23.7,0.2,23.8,0.0,28.3,4.7,30.6,11.9,26952,16.4
14.35,74.0,2.5,0.0,11.0,0.0,10.6,2.0,18.9,66.9,44398,5.3
0.0,59.7,1.2,1.2,36.1,0.0,0.6,1.2,6.9,54.6,45678,3.7
0.0,96.2,1.0,0.2,1.5,0.0,0.0,1.2,2.8,93.8,58083,1.9
25.0,51.6,31.5,0.1,3.9,0.1,6.5,6.4,23.4,40.8,44134,6.2
0.0,74.7,1.4,0.0,12.5,0.0,5.4,6.0,18.7,66.0,41375,5.1
5.0,82.8,0.0,0.0,0.6,0.0,16.3,0.3,18.0,81.2,38058,4.7
0.0,91.7,0.6,0.4,4.2,0.0,1.7,1.4,15.3,79.7,44679,3.7
30.77,40.8,31.2,1.3,1.0,0.0,9.7,15.9,43.2,23.8,30068,12.5
5.0,91.1,2.2,0.0,2.9,0.0,2.2,1.6,5.7,87.6,58597,3.0
10.475000000000001,63.0,8.0,0.8,3.9,0.0,20.5,3.8,26.9,55.9,31482,12.3
0.0,84.6,2.2,0.0,7.3,0.0,3.9,2.1,7.6,80.6,58986,2.4
0.649090909090909,60.2,7.2,0.0,23.0,0.0,5.3,4.3,10.8,55.7,16458,3.9
4.555,57.2,23.1,0.0,6.9,0.0,7.9,5.0,18.9,48.1,37320,5.4
12.636666666666665,25.6,43.9,0.9,2.1,0.0,14.4,13.1,40.7,10.9,25920,12.3
2.3000000000000003,74.0,5.6,0.4,11.0,0.0,6.2,2.8,14.5,67.5,37140,4.6
0.0,82.8,1.7,0.9,1.5,0.0,11.0,2.2,26.2,69.5,35574,8.0
2.776666666666667,84.6,1.8,0.9,3.3,0.0,7.9,1.6,10.8,83.4,51893,6.7
19.35,82.8,5.6,0.1,2.8,0.0,5.9,2.8,13.7,75.5,45737,7.0
3.986666666666667,83.8,4.9,0.0,3.5,0.0,4.4,3.4,18.6,71.3,42093,3.9
12.9475,84.7,6.2,0.3,4.6,0.0,1.5,2.8,6.5,79.8,48955,2.8
5.0,91.7,2.3,0.0,3.6,0.0,1.5,0.9,6.9,86.6,52922,3.1
0.4633333333333333,67.2,9.2,0.2,17.8,0.0,1.8,3.9,7.2,63.5,29815,2.3
0.0,100.0,0.0,0.0,0.0,0.0,0.0,0.0,3.5,96.5,53622,0.0
7.210000000000001,79.5,9.6,0.0,2.3,0.0,4.6,3.9,13.8,72.8,51105,5.7
12.690000000000001,92.6,1.0,0.5,2.1,0.0,2.7,1.0,10.9,86.1,44650,5.7
29.703333333333333,14.2,57.6,1.4,0.1,0.0,12.8,13.8,40.2,1.5,28272,11.0
0.0,81.3,0.8,0.1,14.4,0.0,1.3,2.1,2.5,80.2,62493,2.8
2.38,75.6,4.6,0.2,16.1,0.0,2.0,1.3,10.1,68.7,51600,3.6
5.45,91.5,3.2,0.0,1.0,0.0,2.1,2.2,7.1,86.5,50442,6.7
4.3149999999999995,57.4,19.2,0.0,15.1,0.0,5.7,2.6,14.5,48.9,44032,3.0
25.0,46.9,23.7,0.1,9.5,0.1,16.0,3.7,28.8,37.7,36515,7.4
1.6666666666666667,76.1,1.3,0.8,16.6,0.0,3.0,2.2,8.0,71.0,50525,2.7
0.0,91.2,3.6,0.0,2.1,0.0,1.8,1.2,7.0,86.2,48515,5.2
0.0,40.6,46.3,0.1,2.9,0.1,8.3,1.6,27.7,24.6,22967,23.2
0.0,38.6,35.4,0.0,1.0,0.0,20.4,4.6,31.1,32.8,30835,9.0
0.0,83.4,8.6,0.1,2.5,0.0,4.0,1.5,15.9,71.8,41491,5.4
0.0,74.0,12.8,0.2,3.7,0.2,6.7,2.5,19.6,63.0,35573,6.0
0.0,49.8,18.6,0.7,3.1,0.0,20.2,7.5,44.1,33.7,31788,9.1
3.7133333333333334,95.9,0.1,0.3,1.3,0.0,0.8,1.7,5.7,90.9,40771,4.2
0.0,90.0,1.6,0.0,5.2,0.0,1.3,1.8,7.1,84.7,48116,2.6
0.0,68.2,24.1,0.2,4.9,0.0,0.4,2.1,21.3,49.0,33904,18.1
1.5866666666666667,89.3,0.4,0.1,7.9,0.0,1.4,1.0,8.1,83.0,40171,2.8
0.0,99.2,0.1,0.0,0.2,0.0,0.0,0.5,9.6,89.8,46729,2.9
0.0,58.9,14.6,0.5,1.6,0.0,19.3,5.1,66.7,17.8,26568,12.3
0.52125,88.8,2.1,0.0,2.1,0.0,5.0,2.1,9.0,82.8,53042,1.0
0.37066666666666664,87.5,7.6,0.0,0.1,0.0,1.0,3.8,12.4,79.2,31964,10.3
0.0,88.5,2.5,0.2,5.3,0.2,1.4,2.0,15.3,75.5,39428,6.1
0.0,97.5,0.7,0.0,0.7,0.0,0.0,1.1,3.1,94.4,57140,2.8
0.0,48.3,27.0,0.2,2.7,0.0,15.3,6.5,45.8,23.2,29218,13.0
0.0,86.3,0.2,0.0,10.5,0.0,0.2,2.8,3.1,83.5,73656,2.6
0.0,90.1,1.9,0.0,5.3,0.0,0.7,2.0,5.8,85.5,43747,4.3
0.0,54.6,17.1,0.2,3.3,0.0,18.5,6.4,39.7,37.6,27421,8.0
0.0,69.6,14.4,0.0,8.4,0.0,4.7,3.0,15.7,60.1,36002,8.2
0.0,94.2,1.2,0.0,1.4,0.0,3.1,0.1,7.4,90.1,42220,7.3
0.0,93.0,1.6,0.0,3.4,0.1,1.2,0.7,7.7,86.6,40843,3.3
0.0,93.4,1.1,0.0,2.1,0.0,0.2,3.2,8.7,84.9,48795,3.1
0.0,84.4,1.6,0.1,10.4,0.0,0.8,2.7,5.0,80.7,54889,2.4
0.0,81.5,4.6,0.1,7.4,0.0,4.2,2.3,14.4,72.4,40481,5.1
0.0,88.0,2.3,0.0,6.3,0.0,1.8,1.6,15.2,75.7,38211,3.8
0.0,97.8,0.0,0.0,1.4,0.0,0.0,0.8,6.0,91.7,63750,5.7
0.0,92.2,2.8,0.5,2.0,0.2,0.3,1.9,9.5,83.5,41671,3.6
0.0,91.6,2.9,0.0,3.5,0.0,1.3,0.6,14.4,79.2,44317,5.1
0.0,85.2,6.1,0.2,3.7,0.0,3.1,1.7,8.8,79.5,51255,6.4
0.0,70.1,6.5,0.1,9.6,0.0,12.1,1.5,22.3,59.7,38903,9.5
0.0,85.5,5.3,0.0,6.7,0.2,1.2,1.2,8.1,78.6,44953,4.4
0.0,63.3,12.8,0.0,11.4,0.0,11.7,0.9,25.5,47.3,35377,3.1
3.5725,64.1,0.7,0.0,31.9,0.0,1.0,2.3,2.2,62.5,69146,3.9
0.0,83.0,1.6,0.1,6.9,0.0,6.0,2.5,15.7,73.9,39028,4.7
2.94,89.3,3.1,0.3,1.3,0.0,4.1,1.9,18.5,75.9,35371,5.5
0.0,90.2,4.9,0.2,2.1,0.0,1.7,0.9,7.3,85.0,43550,4.4
2.7775,96.1,0.9,0.0,1.5,0.0,0.6,0.8,7.7,89.6,47301,1.8
0.0,85.1,8.8,0.0,2.8,0.0,1.4,1.9,24.5,63.4,35304,9.8
0.0,86.9,0.0,0.0,11.3,0.0,1.8,0.0,4.2,83.1,66250,6.1
0.0,91.5,0.4,0.5,3.5,0.0,0.9,3.2,12.9,81.7,48878,7.3
0.0,96.1,1.2,0.0,1.4,0.0,0.3,1.0,4.5,92.2,47543,5.4
0.0,91.5,0.0,0.0,8.5,0.0,0.0,0.0,0.0,91.5,45625,10.2
16.665,87.8,1.9,0.0,5.8,0.0,3.6,0.8,7.8,80.8,49340,3.4
2.5,88.9,4.3,0.1,2.1,0.0,2.7,1.8,25.8,67.2,37038,10.7
0.0,86.5,4.3,0.1,4.4,0.0,2.0,2.7,17.2,74.0,38443,6.7
0.0,87.7,1.9,0.0,7.0,0.0,1.3,2.1,9.0,80.4,52028,6.0
0.0,86.7,3.0,0.2,5.8,0.2,1.4,2.6,10.3,78.5,38010,6.5
0.0,95.1,0.9,0.0,2.3,0.0,0.3,1.3,5.4,90.2,46908,5.2
5.773333333333333,96.1,0.3,0.1,1.8,0.0,0.3,1.4,6.9,90.2,49945,2.9
0.0,93.4,1.0,0.0,3.6,0.0,0.6,1.4,9.6,84.5,47554,4.0
0.0,92.9,0.9,0.0,3.2,0.0,1.4,1.6,4.3,90.0,47509,2.8
1.42,69.7,1.2,0.1,26.0,0.0,1.4,1.5,4.4,66.6,62203,3.8
3.7,96.9,0.6,0.1,0.5,0.0,1.0,0.9,7.1,91.2,50940,4.8
9.09,95.4,0.3,0.0,2.3,0.0,0.7,1.3,8.7,87.7,48529,2.3
0.0,96.1,0.8,0.0,0.7,0.0,1.2,1.3,6.2,91.1,37674,3.3
0.0,84.7,2.2,0.0,11.9,0.0,0.4,0.7,2.0,83.4,51862,3.4
0.0,22.9,58.8,1.1,1.5,0.0,9.8,5.8,28.6,7.9,30755,16.9
8.629999999999999,68.2,1.4,0.2,22.9,0.0,3.7,3.6,16.2,57.8,35748,4.6
2.275,83.2,0.9,0.2,13.7,0.0,0.8,1.1,5.1,79.0,53531,3.5
1.1046153846153846,97.5,1.0,0.0,0.0,0.0,1.0,0.4,6.7,91.9,40870,4.1
0.5126666666666667,79.0,18.3,0.0,1.4,0.0,0.0,1.2,24.0,55.0,50030,4.9
0.0,87.9,3.2,0.0,2.3,0.0,0.0,6.6,15.3,77.8,35501,9.8
0.3506666666666666,97.0,0.8,0.0,1.6,0.0,0.7,0.0,2.6,94.9,40880,2.3
0.44625,97.1,1.7,0.0,0.3,0.0,0.5,0.4,3.8,94.1,44183,4.7
0.0,97.8,0.9,0.0,0.0,0.0,0.1,1.1,14.5,85.5,46713,10.6
1.2333333333333334,93.9,0.1,0.4,1.9,0.0,1.6,2.2,5.9,89.6,43505,2.7
0.0,88.7,8.3,0.0,0.3,0.0,1.0,1.7,20.0,69.7,32500,13.1
0.0,100.0,0.0,0.0,0.0,0.0,0.0,0.0,0.0,100.0,46571,3.8
0.0,100.0,0.0,0.0,0.0,0.0,0.0,0.0,15.6,84.4,43285,2.8
0.0,80.1,10.8,2.5,1.4,0.0,4.1,1.1,25.8,59.8,30269,12.1
1.90625,95.6,0.3,2.7,0.3,0.0,0.1,0.9,3.1,95.4,32125,3.4
1.4081818181818182,96.4,1.1,0.5,0.8,0.0,0.6,0.6,10.6,86.4,37029,5.4
0.6614285714285714,79.0,8.0,0.5,5.6,0.0,1.7,5.2,6.3,75.0,41825,4.8
0.0,100.0,0.0,0.0,0.0,0.0,0.0,0.0,21.7,78.3,42083,0.0
0.0,89.7,4.6,0.0,3.8,0.0,0.0,2.0,3.6,86.1,53654,6.7
0.0,100.0,0.0,0.0,0.0,0.0,0.0,0.0,5.9,94.1,36917,1.8
0.0,96.3,3.7,0.0,0.0,0.0,0.0,0.0,0.7,95.5,52656,0.0
2.25,97.2,0.0,0.0,0.2,0.0,2.6,0.0,6.1,91.0,52214,3.2
0.0,82.8,10.9,0.5,1.8,0.0,2.8,1.2,20.9,66.6,31624,11.4
0.0,85.8,6.3,0.6,5.3,0.0,1.7,0.2,9.5,78.0,40849,9.8
0.0,98.8,0.1,0.0,0.8,0.0,0.0,0.2,5.6,93.2,36235,9.6
0.0,79.5,6.7,0.0,10.1,0.0,1.3,2.4,10.5,70.3,50515,9.0
0.0,89.6,6.1,0.0,0.0,0.0,1.8,2.5,9.3,82.1,30588,26.2
1.8657142857142859,91.3,0.2,0.5,4.9,0.0,0.0,3.1,11.8,79.8,51185,6.8
0.0,94.6,2.0,0.0,2.1,0.0,0.9,0.4,8.1,87.8,40637,10.9
0.5055555555555555,89.8,2.7,1.1,0.9,0.0,0.8,4.7,19.8,73.3,40523,7.0
0.5714285714285714,85.1,6.9,0.1,1.1,0.0,2.9,3.8,17.6,71.7,41904,4.5
5.16,86.7,0.0,0.4,12.9,0.0,0.0,0.0,9.9,76.8,43214,1.2
0.6900000000000001,92.1,1.4,0.2,2.7,0.1,0.3,3.3,2.0,91.1,41493,4.6
1.378181818181818,83.7,2.5,0.1,0.6,0.0,8.7,4.5,19.8,75.5,25915,18.1
1.96875,94.0,4.9,0.0,0.7,0.0,0.1,0.3,4.7,89.4,31240,9.2
0.0,98.4,0.0,1.4,0.0,0.0,0.0,0.2,2.7,97.1,43960,3.1
0.0,92.4,1.2,0.0,3.9,0.1,0.0,2.4,1.2,91.4,48712,3.2
1.96,95.1,1.1,0.5,1.9,0.0,0.1,1.3,3.0,92.3,38116,7.6
2.5254545454545454,99.7,0.0,0.0,0.0,0.0,0.0,0.3,0.0,99.7,31071,7.4
0.86,97.3,0.5,0.0,1.4,0.0,0.0,0.8,3.0,94.8,36800,4.9
0.0,97.0,0.8,1.2,0.3,0.0,0.5,0.3,1.3,96.2,31728,7.0
0.6461538461538462,97.1,0.6,0.0,1.5,0.0,0.0,0.9,1.8,95.3,43460,0.6
2.8579999999999997,97.7,0.0,0.0,1.0,0.0,0.0,1.4,3.7,94.0,37679,1.9
0.0,100.0,0.0,0.0,0.0,0.0,0.0,0.0,4.9,95.1,17356,21.8
0.0,90.6,0.0,1.3,6.3,0.0,0.0,1.8,0.0,90.6,27702,5.6
3.45,95.6,1.5,0.0,0.5,0.2,0.9,1.4,3.0,93.1,38720,3.0
0.0,97.7,0.0,0.0,0.0,0.0,0.0,2.3,0.0,97.7,25448,23.8
4.0,91.9,5.1,0.0,1.3,0.0,0.8,0.9,1.2,91.4,32435,8.2
0.0,93.9,0.0,0.0,0.0,0.0,1.5,4.6,1.5,93.9,40000,0.9
0.0,100.0,0.0,0.0,0.0,0.0,0.0,0.0,0.0,100.0,22292,9.7
0.0,92.2,4.6,0.4,0.8,0.1,0.4,1.5,3.3,90.1,22859,16.8
6.044999999999999,96.8,0.0,0.0,0.0,0.0,3.2,0.0,10.7,89.3,32586,0.0
2.3814285714285717,100.0,0.0,0.0,0.0,0.0,0.0,0.0,0.0,100.0,41607,0.0
33.33,87.8,4.5,0.5,2.5,0.0,0.6,4.1,4.3,85.0,30373,13.8
2.891428571428571,73.7,25.3,0.0,0.8,0.0,0.1,0.1,12.5,62.4,31926,5.8
1.778,96.3,0.0,0.0,1.1,0.0,0.0,2.6,0.3,96.0,39044,11.5
0.0,95.6,0.4,0.0,2.4,0.0,0.0,1.6,4.7,91.0,36919,4.7
1.9538461538461538,97.4,0.8,0.0,0.0,0.0,0.8,1.0,4.5,94.7,28533,14.4
4.081428571428572,96.9,0.0,0.3,2.8,0.0,0.0,0.0,0.0,96.9,30514,2.5
0.0,91.2,6.0,0.0,1.0,0.0,0.0,1.8,6.5,85.9,35528,7.0
0.0,98.4,0.3,0.0,0.5,0.0,0.5,0.3,0.8,98.0,41153,7.2
5.820000000000001,98.3,0.0,0.1,1.4,0.0,0.0,0.2,1.1,97.2,32734,9.4
0.0,92.7,1.5,0.0,4.3,0.0,0.3,1.2,0.9,92.5,42417,3.1
0.0,96.4,1.1,0.3,0.7,0.0,0.4,1.2,0.8,95.9,41585,5.8
0.0,97.8,0.0,0.0,2.2,0.0,0.0,0.0,0.0,97.8,35179,0.0
0.0,89.2,9.5,0.0,0.0,0.0,0.0,1.4,0.0,89.2,32639,16.2
0.98,87.4,2.9,0.3,6.3,0.1,1.1,1.9,4.5,84.5,45348,5.9
2.083125,98.6,0.1,0.0,0.5,0.0,0.0,0.8,2.7,95.8,35746,5.9
1.41,99.3,0.0,0.0,0.0,0.0,0.0,0.7,1.5,97.7,30707,3.7
0.9259999999999999,93.9,0.2,0.0,1.0,0.0,1.2,3.7,9.0,87.5,26412,6.9
4.514,96.8,2.2,0.0,0.0,0.0,0.0,1.0,5.9,93.7,27456,22.9
0.0,98.6,0.8,0.6,0.0,0.0,0.0,0.0,0.0,98.6,35417,20.3
3.0575000000000006,95.2,2.1,0.3,0.4,0.0,0.3,1.7,3.4,92.8,26675,23.3
0.6486666666666667,96.4,0.7,0.0,0.0,0.0,0.1,2.8,2.9,95.9,33603,6.8
3.1564285714285716,92.5,5.1,0.0,0.3,0.0,1.8,0.4,4.0,92.5,28698,11.6
0.667,96.6,0.1,0.0,0.5,0.0,1.9,0.9,7.0,92.5,25881,12.1
2.175,88.5,2.5,0.0,5.8,0.0,0.0,3.2,1.7,86.8,45901,7.3
0.271875,97.4,0.5,0.0,0.4,0.0,1.1,0.6,3.6,94.8,31558,5.7
0.0,64.2,6.7,0.0,23.7,0.0,4.4,1.0,9.5,62.0,41526,6.9
0.0,82.8,2.7,0.0,0.0,0.0,6.9,7.6,9.6,82.8,25114,7.3
3.244615384615384,98.9,0.0,0.0,0.0,0.0,0.4,0.7,0.6,98.7,30031,11.1
2.3814285714285717,98.8,1.2,0.0,0.0,0.0,0.0,0.0,0.0,98.8,26566,2.4
5.271428571428571,98.2,0.0,0.1,0.2,0.0,0.2,1.3,2.7,96.0,26366,16.1
0.0,96.6,0.0,0.0,0.0,0.0,0.0,3.4,1.2,95.3,23370,7.7
3.188333333333334,99.0,0.2,0.0,0.4,0.0,0.0,0.4,4.0,95.0,26410,13.0
1.24,100.0,0.0,0.0,0.0,0.0,0.0,0.0,0.2,99.8,42938,8.2
2.0780000000000003,99.0,0.0,0.0,0.2,0.0,0.1,0.7,0.6,99.0,42091,7.3
0.0,96.3,0.8,0.0,0.0,0.0,2.9,0.0,2.9,96.3,29375,23.3
2.548461538461538,98.8,0.1,0.0,0.0,0.0,0.0,1.1,1.6,97.2,25512,15.8
2.2458333333333336,98.8,0.1,0.3,0.0,0.0,0.0,0.8,2.9,95.9,29009,9.2
0.0,91.5,2.6,0.2,3.2,0.0,0.2,2.4,2.2,89.9,37139,8.0
0.0,97.3,0.7,0.0,0.0,0.0,0.0,2.0,2.7,96.3,36343,13.1
0.0,96.8,1.4,0.0,0.4,0.0,0.6,0.8,0.6,96.8,35283,3.5
0.0,97.8,0.2,0.0,1.0,0.0,0.2,0.8,4.0,94.0,27443,14.7
0.74,92.7,1.9,0.0,0.0,0.0,0.6,4.7,1.5,92.3,41299,7.0
0.0,90.7,2.5,0.0,1.4,0.0,3.8,1.5,4.3,90.3,36766,8.7
0.0,100.0,0.0,0.0,0.0,0.0,0.0,0.0,0.0,100.0,49457,1.6
0.0,70.8,0.0,1.3,0.0,0.0,24.7,3.2,24.7,70.8,24111,26.6
0.9239130434782609,98.5,0.2,0.0,0.2,0.2,0.3,0.7,1.1,97.6,26844,9.1
0.0,94.8,2.2,0.0,0.0,0.0,0.0,3.0,9.3,85.5,41864,0.9
0.0,95.5,0.0,0.0,2.4,0.0,0.0,2.1,3.4,92.2,29000,9.2
0.9228571428571428,98.9,0.0,0.0,0.4,0.0,0.1,0.6,2.9,96.1,33365,8.8
0.9615384615384616,96.4,0.9,0.5,0.0,0.0,0.1,2.1,0.1,96.4,55381,3.3
2.9,94.2,4.7,0.0,0.0,0.0,0.2,0.9,1.0,93.2,31203,8.3
0.0,85.3,4.1,0.0,5.3,0.0,1.6,3.7,5.1,82.6,35935,10.3
0.0,96.4,2.2,0.0,0.0,0.0,0.0,1.4,0.0,96.4,36250,9.6
0.0,93.3,0.9,0.0,5.4,0.0,0.1,0.3,3.5,90.6,51809,2.7
1.52,95.9,0.9,0.9,1.9,0.0,0.0,0.5,0.6,95.4,26352,15.9
0.0,100.0,0.0,0.0,0.0,0.0,0.0,0.0,0.0,100.0,33417,1.6
1.587142857142857,97.7,0.6,0.0,0.4,0.0,0.0,1.3,1.4,96.3,40662,4.3
0.0,99.4,0.0,0.0,0.0,0.0,0.0,0.6,0.0,99.4,30800,4.7
0.6214285714285713,92.0,4.7,0.2,0.0,0.0,0.7,2.4,1.1,92.0,31108,16.0
1.6142857142857143,97.0,0.2,0.0,0.2,0.0,0.3,2.3,0.6,96.6,22549,21.9
2.5,100.0,0.0,0.0,0.0,0.0,0.0,0.0,0.0,100.0,45357,5.9
0.0,96.9,2.1,0.0,0.2,0.0,0.2,0.6,1.5,95.9,31056,10.3
4.0,88.7,0.9,0.1,8.3,0.0,0.0,2.0,1.8,87.0,50034,2.5
0.0,99.5,0.0,0.3,0.0,0.0,0.0,0.2,5.0,94.5,27381,9.9
0.0,100.0,0.0,0.0,0.0,0.0,0.0,0.0,0.0,100.0,32044,0.0
0.0,97.7,2.3,0.0,0.0,0.0,0.0,0.0,0.3,97.5,30950,0.3
0.0,100.0,0.0,0.0,0.0,0.0,0.0,0.0,0.0,100.0,31786,32.4
0.595,96.3,1.1,0.1,0.6,0.0,0.2,1.6,0.7,95.8,29036,11.6
2.55125,95.9,0.5,0.0,1.4,0.0,0.7,1.4,2.2,94.6,22126,15.6
0.0,100.0,0.0,0.0,0.0,0.0,0.0,0.0,0.5,99.5,34346,9.8
0.0,96.4,2.3,0.1,0.2,0.0,0.0,0.9,2.2,94.2,30145,6.1
2.698571428571429,100.0,0.0,0.0,0.0,0.0,0.0,0.0,0.0,100.0,14348,12.7
2.3333333333333335,94.3,1.8,0.0,0.0,0.0,0.4,3.6,3.8,90.8,35245,11.5
5.555,93.9,0.0,0.0,0.0,0.0,0.0,6.1,1.5,92.4,31196,12.9
0.0,94.5,0.0,0.0,0.0,0.0,0.0,5.5,0.0,94.5,21776,18.1
0.0,90.2,0.0,0.0,0.0,0.0,8.8,1.0,0.0,90.2,33056,16.3
0.0,92.3,0.0,0.0,7.7,0.0,0.0,0.0,0.0,92.3,40268,0.0
4.761428571428572,76.4,12.4,0.0,4.2,0.0,1.4,5.5,7.6,72.5,27141,20.6
0.0,78.2,13.9,0.1,0.7,0.0,1.4,5.7,7.1,73.2,26286,19.2
4.079090909090909,89.9,4.0,0.0,4.3,0.0,0.0,1.9,9.7,80.2,31655,8.5
0.0,99.4,0.0,0.0,0.2,0.0,0.1,0.3,1.6,97.9,38246,2.9
0.0,95.7,0.3,0.0,2.1,0.3,0.1,1.5,3.2,93.1,45761,3.9
1.5625,100.0,0.0,0.0,0.0,0.0,0.0,0.0,1.8,98.2,29555,10.5
0.0,94.2,0.7,0.3,2.6,0.0,0.9,1.4,2.9,92.3,36732,6.7
0.0,99.9,0.1,0.0,0.0,0.0,0.0,0.0,0.3,99.6,19076,15.9
0.0,97.7,0.2,0.0,0.0,0.0,1.1,1.1,10.3,88.4,34181,6.1
0.37066666666666664,99.4,0.0,0.0,0.6,0.0,0.0,0.0,0.0,99.4,36439,9.2
0.0,100.0,0.0,0.0,0.0,0.0,0.0,0.0,0.0,100.0,17679,12.5
0.0,97.1,1.8,0.1,0.0,0.0,1.0,0.2,1.9,95.8,41627,8.3
2.3528571428571428,95.2,1.2,0.0,0.4,0.0,0.8,2.5,5.8,90.7,28407,15.8
0.0,94.7,1.5,0.0,0.8,0.0,0.7,2.3,2.2,93.4,38545,1.7
1.4754545454545456,34.8,47.4,0.0,7.5,0.0,1.5,8.8,8.2,30.3,11928,57.1
1.19,76.8,9.7,0.5,5.8,0.0,4.1,3.2,6.8,72.9,28991,10.3
0.0,62.2,17.7,0.5,5.2,0.0,7.9,6.4,9.2,58.2,26853,14.5
3.9511111111111115,65.9,21.5,0.6,4.2,0.0,1.7,6.1,9.0,62.2,17519,28.4
4.763333333333333,90.6,3.6,0.1,2.4,0.0,2.0,1.2,4.5,87.1,30290,11.4
3.703333333333333,83.6,5.3,0.0,8.0,0.0,0.6,2.4,2.8,81.4,44948,4.5
4.515,75.8,12.1,0.3,3.5,0.0,2.3,6.0,11.9,69.5,26970,17.0
1.7154545454545456,87.5,1.9,0.1,1.5,0.0,2.3,6.8,4.5,87.3,32743,7.6
0.0,94.1,0.0,0.0,2.3,0.0,3.6,0.0,3.6,94.1,18042,6.2
0.0,98.5,0.0,0.0,0.0,0.0,0.0,1.5,13.1,85.4,16934,17.0
0.0,98.7,0.4,0.0,0.0,0.0,0.0,0.9,0.6,98.1,42841,13.2
0.0,81.9,0.0,0.0,2.9,0.0,11.5,3.6,11.5,81.9,25969,11.5
0.8333333333333334,93.0,0.1,0.0,1.4,0.0,0.3,5.2,5.1,89.4,21965,12.8
11.565714285714288,66.4,4.0,0.0,0.0,0.0,8.8,20.9,8.8,66.4,26476,13.6
1.25,89.2,5.4,2.5,0.0,0.0,0.0,2.9,4.3,89.2,19583,29.6
0.0,93.1,2.9,0.0,3.4,0.0,0.5,0.0,1.4,92.3,25919,21.8
0.0,94.9,0.0,0.0,3.6,0.0,1.5,0.0,1.5,94.9,31959,25.2
0.0,100.0,0.0,0.0,0.0,0.0,0.0,0.0,0.0,100.0,55625,9.2
4.861666666666667,93.5,0.2,0.2,0.0,0.0,2.2,3.9,13.0,84.3,38117,6.8
0.0,100.0,0.0,0.0,0.0,0.0,0.0,0.0,3.2,96.8,20583,26.8
0.0,98.5,0.0,0.0,0.0,0.0,0.0,1.5,3.5,96.5,20852,18.8
0.0,84.5,1.8,0.0,2.7,0.0,3.5,7.5,2.7,81.8,37286,4.4
1.38875,84.8,10.7,0.0,0.0,0.0,0.0,4.5,0.0,84.8,20227,12.3
0.0,100.0,0.0,0.0,0.0,0.0,0.0,0.0,6.4,93.6,20588,9.5
0.0,100.0,0.0,0.0,0.0,0.0,0.0,0.0,0.0,100.0,25714,1.0
0.6492857142857142,85.2,10.5,0.2,1.5,0.0,0.0,2.5,3.7,83.1,31182,14.5
0.0,97.1,1.1,0.0,1.2,0.0,0.0,0.6,1.2,95.9,25879,20.1
0.0,94.5,2.2,0.2,1.2,0.0,0.4,1.6,4.0,90.7,38698,6.4
1.5866666666666667,90.0,2.8,0.0,0.1,0.0,4.7,2.4,7.1,87.0,26113,10.5
0.5055555555555555,82.5,5.8,0.0,2.7,0.0,1.8,7.2,4.1,81.0,23996,10.7
2.1166666666666663,86.2,1.9,0.0,0.0,0.0,11.9,0.0,13.9,84.2,35547,9.7
2.0,95.9,0.7,0.0,0.5,0.0,0.6,2.3,7.4,89.9,17137,16.1
1.8522222222222224,90.1,3.7,0.6,0.0,0.0,0.0,5.6,13.5,77.6,24167,5.8
4.422857142857143,95.6,0.0,0.0,2.0,0.0,0.0,2.4,1.2,94.3,22472,18.9
0.6833333333333333,65.2,13.6,0.7,1.3,0.0,9.1,10.2,21.4,61.2,25455,14.1
0.0,86.5,0.1,0.0,3.6,5.3,0.0,4.5,6.3,84.1,27067,4.5
0.9255555555555556,83.7,3.3,2.3,0.6,0.0,4.1,6.0,5.8,83.7,36388,4.7
0.0,85.4,0.0,0.0,0.0,0.0,14.6,0.0,0.0,85.4,36757,14.6
1.5914285714285714,95.5,0.3,0.0,1.8,0.0,0.0,2.3,3.3,92.2,36068,2.2
0.0,99.7,0.0,0.0,0.3,0.0,0.0,0.0,0.5,99.2,22083,16.0
0.0,98.6,0.0,0.0,0.0,0.0,0.5,1.0,4.0,95.1,28125,4.6
0.0,56.0,0.0,0.0,44.0,0.0,0.0,0.0,0.0,56.0,22969,5.1
1.6023076923076922,92.0,1.0,0.0,2.1,0.0,0.3,4.6,1.9,90.9,29598,10.3
0.0,99.8,0.2,0.0,0.0,0.0,0.0,0.0,0.0,99.8,35066,5.1
3.174285714285714,97.1,2.9,0.0,0.0,0.0,0.0,0.0,0.4,96.8,25478,19.3
0.0,91.5,1.9,0.1,1.2,0.0,1.6,3.7,7.0,86.9,28416,10.3
0.0,98.0,0.0,0.0,0.0,0.0,0.0,2.0,5.4,92.6,20551,5.8
0.0,96.9,0.0,1.8,0.0,0.0,0.0,1.3,4.4,92.5,25076,14.1
0.0,92.8,0.0,0.0,0.0,0.0,0.0,7.2,6.3,86.5,20987,3.4
0.0,100.0,0.0,0.0,0.0,0.0,0.0,0.0,0.0,100.0,28583,7.9
0.92,89.7,0.0,0.0,1.6,0.0,2.6,6.1,4.3,88.0,31642,6.6
0.0,94.8,0.0,0.0,0.8,0.0,0.0,4.4,4.4,94.8,29274,6.1
1.6442857142857144,99.7,0.0,0.0,0.3,0.0,0.0,0.0,5.2,94.4,41343,3.4
0.9406666666666667,90.8,2.2,0.0,0.2,0.0,5.4,1.4,9.9,87.2,35833,14.7
5.556,47.9,32.9,1.0,0.5,0.0,7.2,10.4,34.7,30.4,10795,26.1
0.0,92.7,0.8,0.0,0.0,0.0,0.1,6.4,3.2,89.7,30500,19.4
0.0,95.9,2.2,0.0,0.0,0.0,0.0,1.9,13.0,83.9,57594,0.0
0.0,100.0,0.0,0.0,0.0,0.0,0.0,0.0,0.0,100.0,49053,1.1
3.7088888888888882,99.2,0.0,0.0,0.2,0.0,0.3,0.3,3.7,95.8,23904,12.3
1.9177777777777776,89.3,3.5,0.0,3.3,0.0,1.2,2.8,3.3,88.3,40234,13.6
1.032,90.8,6.7,0.3,0.5,0.0,0.3,1.4,6.4,87.4,33095,8.4
0.0,85.9,5.5,0.0,5.5,0.0,0.0,3.1,1.9,85.1,35368,14.8
0.0,96.4,1.7,0.0,0.5,0.0,0.9,0.5,4.3,93.2,35592,8.9
0.0,92.0,3.6,0.0,4.4,0.0,0.0,0.0,0.0,92.0,26339,7.7
0.0,100.0,0.0,0.0,0.0,0.0,0.0,0.0,0.0,100.0,32177,0.0
0.0,94.0,1.3,0.0,2.7,0.0,1.3,0.7,2.1,93.2,40799,3.6
1.1426666666666667,94.7,3.3,0.0,0.7,0.0,1.3,0.0,23.4,71.3,30246,8.5
4.2718181818181815,93.0,0.6,0.0,2.7,0.0,0.0,3.6,1.5,92.2,31042,21.5
6.25,80.0,0.0,0.0,0.0,0.0,0.0,20.0,0.0,80.0,21667,5.8
0.0,93.6,0.4,0.0,1.2,0.0,1.6,3.2,11.8,84.7,40601,2.1
1.8458333333333332,95.7,0.0,0.0,1.5,1.1,0.8,0.9,7.2,89.2,41862,3.7
1.6933333333333331,97.0,0.0,0.0,0.7,0.0,0.0,2.3,1.3,95.7,45272,8.6
1.2344444444444445,93.9,0.4,0.0,2.0,0.0,3.3,0.3,9.2,88.1,29009,10.8
0.0,96.3,0.4,0.0,1.6,0.0,0.0,1.7,4.0,93.1,35067,7.6
0.0,95.1,0.9,0.0,0.0,0.0,0.7,3.4,4.1,93.7,42138,5.0
1.2,92.6,1.1,0.0,1.5,0.0,1.4,3.4,11.1,83.6,34732,6.6
0.8,88.9,4.6,0.0,1.6,0.0,2.1,2.8,10.3,80.9,34456,9.3
1.3891666666666669,98.3,0.0,0.0,0.4,0.0,1.0,0.3,7.6,91.8,26962,10.4
0.0,93.1,1.8,0.0,1.8,0.0,0.0,3.3,1.4,92.0,37458,1.1
0.0,87.7,2.9,0.6,4.5,0.0,1.2,3.1,7.5,82.6,40720,4.4
0.0,85.6,5.2,0.1,4.4,0.0,2.9,1.7,11.2,78.1,28981,7.9
0.0,93.0,3.3,0.0,1.9,0.0,0.4,1.5,4.8,88.4,36228,5.7
0.759090909090909,71.2,19.3,0.2,1.6,0.3,1.9,5.7,19.9,60.5,28470,10.5
0.0,89.0,4.2,1.1,0.6,0.0,3.0,2.2,6.5,86.8,33783,10.2
0.0,89.3,3.7,0.0,2.9,0.0,0.8,3.3,16.7,74.6,27000,9.7
1.6500000000000001,93.9,0.8,0.0,0.8,0.0,1.8,2.7,8.7,88.4,39688,8.3
1.082,79.2,12.1,0.0,0.8,0.0,6.4,1.5,16.1,69.6,31469,14.8
2.7783333333333338,53.1,20.6,0.4,1.8,0.0,19.6,4.6,35.7,40.8,28282,19.7
0.0,87.0,4.2,0.4,4.3,0.0,2.1,1.9,9.9,81.2,21805,15.7
6.301999999999999,93.5,0.9,0.0,1.9,0.0,0.0,3.8,1.8,91.7,22740,24.6
0.0,94.2,4.0,0.0,0.1,0.0,0.5,1.1,6.7,88.4,38679,11.9
2.348333333333333,97.3,0.5,0.0,1.1,0.0,0.5,0.6,4.1,93.7,31731,11.4
0.0,86.3,4.9,0.0,3.6,0.0,3.1,2.1,6.8,82.5,38106,7.9
0.0,91.2,2.6,0.5,1.8,0.0,2.0,2.0,5.6,88.1,34974,8.2
0.0,92.1,3.3,0.0,1.8,0.0,1.8,1.1,4.3,89.9,37012,9.1
0.25666666666666665,81.2,11.8,0.0,1.9,0.0,3.0,2.1,17.0,69.3,60609,0.0
0.0,87.0,11.3,0.0,0.0,0.0,0.5,1.2,6.0,82.0,47219,5.0
1.5176923076923077,94.0,2.0,0.1,0.8,0.0,0.1,3.0,1.7,92.4,37969,6.8
0.5,92.7,2.2,0.7,0.9,0.0,0.7,2.8,4.8,89.2,35256,7.2
0.6990909090909091,96.4,1.9,0.0,0.0,0.0,0.0,1.8,7.1,89.3,44269,4.7
0.0,66.5,19.3,0.5,0.5,0.0,10.2,3.1,12.8,62.7,30419,4.1
1.587142857142857,93.9,0.5,0.0,1.9,0.0,2.3,1.4,7.0,89.9,27557,16.3
0.0,86.4,10.4,0.0,1.2,0.0,0.0,2.0,0.0,86.4,50917,13.3
0.0,81.9,6.4,0.0,1.7,0.0,8.2,1.8,14.8,74.9,32601,9.0
1.616153846153846,81.7,9.6,0.2,1.7,0.0,4.1,2.7,17.8,70.5,32179,18.3
0.0,93.2,5.9,0.0,0.9,0.0,0.0,0.0,1.1,92.1,20718,12.5
0.51,84.4,7.0,0.0,0.4,0.0,5.0,3.2,19.7,73.3,31026,18.0
0.0,57.7,27.6,0.4,2.8,0.0,6.1,5.4,16.1,50.2,22313,21.3
0.8333333333333334,95.5,3.4,0.0,0.6,0.0,0.5,0.0,5.2,90.8,30083,11.6
1.0313333333333332,83.2,6.5,1.4,0.8,0.1,5.3,2.5,12.7,78.8,33109,7.8
3.518333333333333,74.7,9.1,0.0,3.7,0.0,9.3,3.2,12.9,71.1,32770,12.9
0.0,90.7,3.1,0.5,0.4,0.0,2.9,2.4,7.1,86.5,42854,13.5
0.39714285714285713,89.7,1.6,0.0,1.3,0.0,0.6,6.9,3.1,89.4,24250,20.4
0.0,96.7,0.0,0.0,2.6,0.0,0.7,0.0,0.7,96.7,30685,15.3
0.0,67.2,12.2,1.7,1.5,0.0,11.3,6.1,22.4,61.4,12069,58.6
2.055454545454545,95.2,0.0,0.0,0.0,0.0,3.7,1.1,32.1,67.9,30505,4.3
0.0,90.1,1.0,0.0,5.4,0.0,2.1,1.4,12.9,79.9,38750,11.0
0.0,89.3,1.9,0.0,0.0,0.0,6.8,2.0,12.4,83.7,36190,13.0
0.0,100.0,0.0,0.0,0.0,0.0,0.0,0.0,0.0,100.0,23125,0.0
1.6666666666666667,100.0,0.0,0.0,0.0,0.0,0.0,0.0,0.0,100.0,36488,1.0
2.5166666666666666,72.6,14.4,0.0,9.7,0.0,0.7,2.6,11.7,61.7,27600,24.7
0.4764285714285714,94.5,1.5,0.0,1.7,0.0,2.0,0.2,11.2,85.4,28089,7.6
0.0,100.0,0.0,0.0,0.0,0.0,0.0,0.0,0.0,100.0,37283,17.9
0.0,72.5,19.7,0.0,1.5,0.0,2.2,4.1,12.2,62.5,25556,26.0
0.7142857142857143,83.2,6.0,0.0,0.4,0.0,6.5,3.9,5.9,79.6,26278,22.7
0.4046153846153846,74.3,5.5,0.0,1.1,0.0,17.8,1.3,23.7,69.4,12094,33.7
8.335,97.5,0.0,0.0,0.0,0.0,2.5,0.0,16.8,83.2,21292,32.9
0.0,92.3,4.2,0.0,0.0,0.0,2.1,1.4,22.3,73.2,26181,16.2
1.6666666666666667,90.1,5.3,1.3,1.9,0.0,0.8,0.6,2.3,88.6,27354,12.6
1.2985714285714285,89.9,3.7,0.0,0.0,0.0,0.0,6.5,0.0,89.9,32500,3.1
3.7088888888888882,98.8,0.0,1.2,0.0,0.0,0.0,0.0,31.5,67.3,25000,2.7
12.5,78.8,9.7,0.7,2.4,0.0,3.7,4.7,8.4,75.7,29637,13.5
1.752857142857143,82.0,6.9,0.0,5.4,0.0,3.3,2.5,9.3,76.0,47313,4.3
2.61,94.9,1.7,0.5,0.2,0.0,0.4,2.3,4.7,90.9,34756,9.2
0.0,96.1,1.0,0.4,2.3,0.0,0.0,0.2,2.6,93.4,37813,5.5
8.75,94.7,0.0,0.0,3.6,0.0,0.0,1.7,4.1,90.6,33504,5.4
2.585,57.2,14.8,0.0,0.0,0.0,27.1,0.8,36.5,49.3,19654,41.6
0.8586666666666666,94.3,1.2,0.0,0.0,0.0,2.8,1.7,7.3,91.5,22246,17.0
0.0,87.6,8.1,1.0,1.4,0.0,0.4,1.4,15.5,75.2,20970,12.9
0.0,90.4,6.8,0.0,0.0,0.0,0.0,2.8,12.2,78.2,28750,9.2
2.8579999999999997,91.6,0.0,8.4,0.0,0.0,0.0,0.0,0.0,91.6,48500,11.2
0.0,97.6,0.0,0.0,2.4,0.0,0.0,0.0,11.1,86.5,26058,6.4
1.3373333333333333,69.7,18.0,1.2,0.4,0.0,4.3,6.4,16.8,62.7,24194,12.9
1.812857142857143,80.7,7.2,0.0,1.8,0.0,2.0,8.4,22.9,64.9,26544,9.7
1.0875,88.5,4.1,0.4,1.9,0.0,3.7,1.4,12.6,80.5,32069,9.7
0.0,83.4,2.1,0.0,7.4,0.0,0.0,7.1,0.0,83.4,36967,0.6
0.0,98.9,0.0,0.0,1.1,0.0,0.0,0.0,0.0,98.9,29338,14.4
0.0,95.4,2.0,0.2,0.7,0.0,0.4,1.3,2.4,93.5,30242,8.0
2.116923076923077,98.9,0.2,0.0,0.0,0.0,0.1,0.9,0.6,98.3,29048,17.8
2.7783333333333338,99.2,0.0,0.0,0.0,0.0,0.5,0.3,3.1,96.6,26536,7.6
0.0,87.6,6.2,0.0,0.0,0.0,6.1,0.0,3.7,87.6,29211,3.0
0.0,96.2,0.0,0.0,0.0,0.0,0.0,3.8,0.6,95.6,28482,8.8
1.64375,96.6,1.5,0.0,0.6,0.0,0.3,1.1,1.1,95.8,29241,9.8
0.0,99.9,0.1,0.0,0.0,0.0,0.0,0.0,0.6,99.3,30291,11.2
0.0,98.6,0.0,0.0,0.0,0.0,0.0,1.4,0.6,98.0,31500,11.6
0.0,97.1,0.8,0.0,0.0,0.0,0.0,2.1,3.4,93.7,26198,11.9
2.5,100.0,0.0,0.0,0.0,0.0,0.0,0.0,2.7,97.3,27163,3.9
1.0385714285714285,95.4,1.9,0.1,1.2,0.0,0.0,1.4,2.0,94.0,31218,7.5
0.385,98.3,0.5,0.0,0.0,0.0,0.2,1.1,1.2,97.7,27363,8.0
0.0,96.1,1.9,0.0,0.3,0.0,0.8,0.9,2.8,94.3,39563,5.1
0.0,95.0,0.5,0.4,0.8,0.0,0.0,3.3,0.6,94.5,35103,10.9
3.1166666666666667,98.6,0.1,0.3,0.3,0.0,0.0,0.7,2.0,96.9,30785,6.6
1.852,96.8,0.0,0.0,0.0,0.0,0.3,3.0,1.0,96.0,29219,6.8
2.7783333333333338,99.5,0.0,0.0,0.0,0.0,0.1,0.4,0.1,99.5,30246,5.0
0.0,100.0,0.0,0.0,0.0,0.0,0.0,0.0,0.0,100.0,33750,8.1
4.1675,87.6,0.9,0.1,0.1,0.0,0.0,11.3,0.0,87.6,17244,10.5
0.0,93.2,0.0,0.0,0.0,0.0,0.0,6.8,1.4,91.9,21719,8.4
0.649090909090909,97.0,0.9,0.0,1.2,0.0,0.2,0.7,1.9,95.4,31027,7.8
0.5915384615384616,99.7,0.2,0.0,0.0,0.0,0.0,0.2,2.7,97.0,27375,7.3
0.0,94.8,5.2,0.0,0.0,0.0,0.0,0.0,5.7,89.1,13125,16.9
0.0,99.2,0.8,0.0,0.0,0.0,0.0,0.0,0.0,99.2,36341,0.8
0.39714285714285713,97.3,0.2,0.0,0.2,0.0,1.5,0.8,1.2,96.0,36045,14.7
0.7142857142857143,97.2,0.0,0.0,0.0,0.0,0.0,2.8,0.9,96.3,21497,17.6
0.0,100.0,0.0,0.0,0.0,0.0,0.0,0.0,0.0,100.0,28056,3.4
0.6553846153846153,100.0,0.0,0.0,0.0,0.0,0.0,0.0,0.6,99.4,35580,12.8
0.0,96.3,0.6,0.0,0.0,0.0,0.0,3.1,0.0,96.3,25227,31.4
9.09,99.7,0.0,0.0,0.3,0.0,0.0,0.0,0.5,99.2,34500,13.9
0.0,100.0,0.0,0.0,0.0,0.0,0.0,0.0,2.2,97.8,48864,3.7
5.266,96.5,0.1,0.2,1.9,0.0,0.6,0.8,3.1,93.8,27979,15.1
0.0,93.0,1.7,0.2,3.3,0.0,0.3,1.6,3.4,90.1,37212,6.3
0.0,97.7,0.4,0.5,0.3,0.0,0.0,1.1,0.2,97.5,21223,4.6
1.8133333333333335,93.7,3.9,0.2,1.1,0.0,0.0,1.0,3.6,91.8,32362,4.5
18.75,99.9,0.1,0.0,0.0,0.0,0.0,0.0,0.0,99.9,23287,5.2
0.0,96.3,1.1,0.0,0.5,0.0,0.0,2.1,2.5,95.4,27036,8.4
0.0,97.8,0.8,0.1,0.8,0.0,0.1,0.5,0.3,97.7,25198,11.6
3.5725,95.7,3.7,0.0,0.0,0.0,0.0,0.7,0.7,95.0,19500,28.3
0.0,98.2,1.0,0.0,0.1,0.0,0.0,0.7,3.6,94.7,25725,14.1
0.0,95.5,0.0,0.0,0.0,0.0,0.0,4.5,0.0,95.5,38750,10.1
1.1500000000000001,98.9,0.5,0.0,0.0,0.0,0.6,0.0,0.8,98.7,23790,18.3
0.0,91.8,2.3,0.0,2.6,0.0,2.2,1.1,2.3,91.7,39688,2.6
0.44642857142857145,82.5,10.9,0.2,0.2,0.1,4.3,1.7,6.2,81.7,28063,16.7
0.6992307692307692,98.0,0.0,0.0,0.0,0.0,0.0,2.0,0.0,98.0,32829,6.6
0.0,99.4,0.0,0.0,0.0,0.0,0.5,0.2,1.5,98.3,32296,8.2
3.6633333333333336,66.4,0.0,29.7,0.1,0.0,0.0,3.8,2.0,64.4,26900,15.5
0.9615384615384616,95.1,0.5,2.0,0.0,0.0,1.0,1.3,0.8,94.7,27934,16.9
0.0,95.1,1.8,0.0,1.1,0.0,0.7,1.3,1.9,94.7,30665,16.6
0.8092307692307692,93.4,0.7,1.7,3.8,0.0,0.0,0.5,0.3,93.1,37708,4.1
0.0,97.2,0.1,0.1,0.1,0.0,0.0,2.6,0.3,96.8,22625,21.7
2.2114285714285713,94.3,3.9,0.2,0.3,0.0,0.3,1.0,1.2,93.6,31393,20.3
0.8525,95.1,0.8,0.0,0.7,0.0,3.2,0.2,2.0,93.9,30092,6.8
0.0,98.3,0.7,0.0,0.7,0.0,0.0,0.3,0.2,98.2,25000,17.5
0.0,100.0,0.0,0.0,0.0,0.0,0.0,0.0,0.0,100.0,28512,10.8
1.3233333333333333,98.1,0.5,0.5,0.0,0.0,0.2,0.6,2.3,96.2,23980,12.3
0.0,98.1,0.1,0.7,0.6,0.0,0.1,0.5,0.1,98.1,28598,13.2
0.4523076923076923,44.1,42.4,0.0,0.0,0.0,12.9,0.6,16.5,40.6,23074,14.0
0.0,87.9,0.5,0.6,1.5,5.6,0.0,3.8,1.1,87.2,26964,23.0
0.0,94.0,1.9,0.0,0.4,0.0,1.1,2.7,4.0,92.7,29447,13.4
1.7358333333333331,98.4,0.1,0.0,0.8,0.0,0.0,0.6,0.8,98.2,23179,16.8
1.9815384615384617,97.1,0.4,0.9,0.0,0.0,0.0,1.6,1.8,96.6,24890,12.2
0.0,98.5,0.2,0.0,1.3,0.0,0.0,0.0,0.0,98.5,36771,12.4
4.1659999999999995,70.9,4.8,14.8,0.2,0.0,0.9,8.4,1.3,69.8,24668,16.7
0.0,100.0,0.0,0.0,0.0,0.0,0.0,0.0,0.0,100.0,37750,13.3
0.0,98.6,0.6,0.2,0.2,0.0,0.0,0.5,0.2,98.6,32200,2.8
0.2026315789473684,94.8,1.2,0.2,1.1,0.0,0.6,2.1,2.8,93.1,22638,15.2
0.0,100.0,0.0,0.0,0.0,0.0,0.0,0.0,0.0,100.0,29375,14.5
0.45499999999999996,91.7,2.5,0.2,0.7,0.0,1.6,3.3,5.9,90.6,28398,8.3
0.0,87.9,5.0,0.4,0.4,0.0,2.1,4.3,3.6,87.0,28333,4.0
0.0,62.9,34.2,0.3,2.6,0.0,0.0,0.0,0.5,62.4,16538,45.1
0.0,77.9,15.3,0.4,0.4,0.0,4.3,1.7,6.5,76.7,25208,22.6
2.08375,90.4,6.7,0.5,0.0,0.0,2.4,0.0,2.4,90.4,20063,12.3
1.1907142857142858,98.7,0.0,0.9,0.0,0.0,0.0,0.4,0.0,98.7,22725,37.8
0.9838461538461538,96.6,0.0,0.0,0.0,0.0,1.9,1.5,4.0,95.8,32317,13.1
0.0,100.0,0.0,0.0,0.0,0.0,0.0,0.0,0.7,99.3,25810,22.6
0.0,97.5,0.2,0.0,0.0,0.0,0.0,2.4,0.0,97.5,32117,4.5
0.0,86.4,0.0,0.0,0.0,0.0,7.1,6.5,13.6,86.4,25069,28.9
0.0,94.9,1.1,0.4,2.4,0.0,0.1,1.1,1.3,94.4,39638,8.1
0.0,98.6,0.0,0.0,1.4,0.0,0.0,0.0,0.5,98.0,22500,7.0
0.32083333333333336,97.4,0.0,2.3,0.0,0.0,0.1,0.2,0.3,97.1,21135,24.4
0.0,96.5,0.2,0.5,0.0,0.0,0.4,2.3,4.5,93.9,22412,34.4
0.0,98.9,0.4,0.0,0.0,0.0,0.3,0.4,0.7,98.6,31438,3.0
3.5714285714285716,95.6,0.5,0.3,0.0,0.0,0.2,3.4,3.6,94.4,25643,11.3
0.0,93.8,0.0,0.0,0.0,0.0,6.2,0.0,6.2,93.8,23533,44.8
0.7775,97.3,0.7,0.0,1.0,0.1,0.0,0.8,0.8,96.8,30646,13.5
0.0,98.9,0.0,0.2,0.0,0.0,0.3,0.6,2.2,97.2,23370,24.4
1.0207142857142857,99.2,0.0,0.0,0.8,0.0,0.0,0.0,1.3,97.9,32097,13.4
0.3076923076923077,94.9,2.7,0.6,0.2,0.0,0.7,0.9,1.0,94.6,32818,15.5
1.6825,94.7,0.1,1.2,0.0,0.0,0.0,4.0,4.7,90.0,19677,29.1
0.0,94.7,1.6,0.1,0.5,0.0,1.6,1.5,2.8,93.6,30472,10.7
0.0,93.1,0.0,0.0,4.3,0.7,0.0,1.8,1.0,92.8,35500,10.6
0.0,98.5,0.1,0.0,1.0,0.0,0.0,0.3,0.5,98.0,32733,14.9
1.4289999999999998,96.1,1.4,0.0,0.1,0.0,0.0,2.5,0.0,96.1,26458,12.0
0.0,95.6,0.0,0.0,0.5,0.0,1.6,2.3,1.9,95.0,24478,8.8
0.0,95.5,0.1,0.0,0.2,0.1,0.1,4.0,4.0,92.7,28698,8.8
2.5,82.3,0.0,0.0,3.3,0.0,0.0,14.4,0.0,82.3,31985,0.0
0.0,91.7,4.1,0.3,0.6,0.0,0.3,3.0,2.0,90.4,28057,13.2
0.0,83.4,2.8,0.0,1.1,0.0,6.6,6.1,12.6,80.2,26146,10.2
0.0,98.2,0.0,0.0,0.0,0.0,0.0,1.8,0.0,98.2,31417,2.4
4.55,95.0,0.3,0.2,2.5,0.0,0.0,2.0,1.5,93.5,36674,9.4
0.3448275862068966,99.3,0.0,0.0,0.3,0.0,0.3,0.2,3.5,96.0,34823,14.7
0.0,97.0,0.2,0.0,0.3,0.0,0.0,2.4,0.2,96.8,29732,9.1
0.5681818181818182,95.9,1.3,0.5,0.0,0.0,1.2,1.1,0.7,95.5,31458,7.3
0.51,98.0,1.0,0.3,0.2,0.0,0.1,0.5,0.7,97.5,31483,3.6
2.54,97.2,0.9,0.4,0.2,0.0,0.3,0.9,0.7,97.1,27854,12.1
0.0,97.2,0.8,0.3,0.2,0.0,0.7,0.7,2.2,96.0,35739,7.5
0.0,96.7,0.8,0.4,0.2,0.0,0.8,1.1,3.2,94.4,26926,12.5
0.8009999999999999,99.5,0.0,0.0,0.0,0.0,0.0,0.5,0.0,99.5,24574,27.1
0.44466666666666665,98.4,0.0,0.0,0.0,0.0,0.0,1.6,0.0,98.4,37159,5.6
8.335,93.7,2.5,0.1,0.9,0.0,0.7,2.1,3.0,91.3,22800,18.1
0.7692307692307693,91.0,6.7,0.5,0.9,0.0,0.0,1.0,0.7,90.5,29323,15.8
0.0,93.7,3.3,0.1,1.0,0.0,0.1,1.8,5.0,90.4,29770,10.0
0.4633333333333333,98.4,0.0,0.0,0.0,0.0,0.0,1.6,0.0,98.4,31649,36.1
0.0,96.0,0.5,0.5,0.4,0.0,0.7,1.8,2.2,95.1,30665,12.4
0.0,97.6,0.0,1.3,0.0,0.0,1.2,0.0,1.2,97.6,35875,7.4
0.8153333333333334,89.8,0.2,1.0,0.6,0.0,8.3,0.1,12.5,85.5,30528,2.5
0.0,96.7,0.3,0.2,0.1,0.0,1.0,1.6,3.6,94.4,24578,22.8
0.0,99.5,0.0,0.1,0.0,0.0,0.0,0.4,0.0,99.5,31016,7.6
7.74,99.0,0.0,0.0,0.0,0.0,0.0,1.0,0.7,98.4,24250,13.7
0.0,93.6,1.1,0.1,2.4,0.0,0.2,2.6,3.2,91.0,28379,12.3
0.6900000000000001,97.1,0.9,0.0,0.3,0.0,0.1,1.6,1.4,96.3,24507,16.2
0.0,95.7,0.0,0.5,1.8,0.0,0.0,2.0,0.5,95.7,31327,11.8
0.0,95.1,0.6,0.0,1.3,0.1,0.6,2.2,1.8,95.0,31036,8.6
0.0,96.0,0.1,0.1,0.6,0.0,0.9,2.3,2.2,96.0,28250,6.2
1.1908333333333332,98.5,0.0,0.8,0.0,0.0,0.0,0.7,1.2,97.7,33897,11.6
0.5710714285714286,98.4,0.1,0.9,0.0,0.0,0.0,0.6,0.3,98.1,31591,8.6
0.9521428571428572,97.3,0.1,0.3,0.7,0.0,0.1,1.5,1.0,96.7,26604,16.7
0.0,93.6,3.6,1.3,0.1,0.0,0.0,1.4,0.4,93.5,34865,11.8
0.0,87.7,6.1,0.2,2.2,0.0,0.2,3.5,2.9,85.4,37196,8.7
0.2846153846153846,98.0,0.2,0.1,0.0,0.0,1.6,0.1,5.8,93.8,30684,10.1
1.2999999999999998,97.1,0.5,0.0,0.0,0.0,0.5,1.9,2.8,94.8,31094,8.2
0.0,95.0,4.1,0.0,0.0,0.0,0.0,0.9,0.0,95.0,35265,36.3
0.0,97.3,0.6,0.1,1.1,0.0,0.0,0.9,0.6,96.8,35198,3.4
1.9842857142857142,97.6,0.0,0.2,0.4,0.0,0.0,1.8,3.4,94.4,38085,6.0
1.1793333333333333,99.3,0.0,0.0,0.0,0.0,0.0,0.7,0.0,99.3,17939,33.1
1.1960000000000002,99.7,0.3,0.0,0.0,0.0,0.0,0.0,0.0,99.7,30787,18.2
0.0,96.1,0.6,0.0,0.7,0.0,0.4,2.1,0.6,96.0,27388,17.2
0.0,99.4,0.6,0.0,0.0,0.0,0.0,0.0,0.0,99.4,29000,31.4
1.375,92.4,3.3,0.0,0.0,0.0,0.0,4.3,1.9,90.5,31909,2.6
0.695,88.0,7.9,0.2,0.3,0.0,1.0,2.6,2.4,87.0,29580,11.2
2.4033333333333333,66.2,18.7,7.2,5.4,0.0,0.0,2.5,4.2,62.0,25698,12.7
1.1908333333333332,99.7,0.3,0.0,0.0,0.0,0.0,0.0,0.0,99.7,29375,5.9
0.0,100.0,0.0,0.0,0.0,0.0,0.0,0.0,0.0,100.0,33512,0.0
0.0,92.7,2.4,0.2,1.5,0.0,1.1,2.1,4.3,90.5,21199,20.6
0.0,97.2,0.1,0.0,0.4,0.0,0.0,2.3,0.7,96.5,24340,14.5
0.6941666666666667,95.6,0.2,0.0,1.2,0.0,0.0,3.0,0.3,95.3,35103,11.5
0.5882352941176471,96.5,0.1,0.1,0.6,0.0,0.0,2.7,2.7,94.8,28141,14.7
0.0,100.0,0.0,0.0,0.0,0.0,0.0,0.0,1.8,98.2,26250,11.3
1.7116666666666667,96.8,0.6,0.0,0.4,0.0,0.4,1.8,2.1,95.3,25274,10.6
0.0,100.0,0.0,0.0,0.0,0.0,0.0,0.0,0.0,100.0,25347,21.2
1.15625,95.4,3.6,0.4,0.0,0.0,0.6,0.0,2.3,93.9,26106,9.9
0.42,95.7,1.6,0.1,0.0,0.0,2.0,0.6,4.2,93.7,22196,26.9
1.6414285714285712,99.4,0.3,0.0,0.0,0.1,0.0,0.2,0.8,98.8,27517,11.8
0.9592857142857143,94.3,0.8,0.9,0.4,0.0,0.4,3.2,3.4,92.4,25668,9.8
1.299090909090909,97.5,0.7,0.0,0.0,0.0,1.3,0.5,7.9,91.4,29306,9.7
8.335,94.1,1.9,0.1,1.6,0.0,0.2,2.0,1.8,92.5,27032,11.9
0.0,98.0,0.1,0.3,0.6,0.2,0.1,0.7,0.9,97.5,42348,4.0
0.0,100.0,0.0,0.0,0.0,0.0,0.0,0.0,0.0,100.0,25366,5.8
0.0,95.9,0.0,1.1,0.0,0.0,0.0,3.0,3.6,95.0,26071,10.9
1.71,98.7,0.0,0.0,0.2,0.0,0.4,0.6,0.4,98.7,34095,12.2
0.0,92.2,2.6,0.0,0.0,0.0,0.0,5.2,0.0,92.2,21797,5.4
1.625,98.3,0.0,0.0,0.0,0.0,0.1,1.6,1.2,97.2,28545,14.0
0.0,96.9,0.5,0.8,0.6,0.0,0.3,0.8,1.5,95.6,31832,7.8
0.7142857142857143,87.7,0.6,0.2,0.9,0.0,1.6,9.0,10.0,84.6,30853,12.3
0.0,99.0,0.0,1.0,0.0,0.0,0.0,0.0,0.0,99.0,32396,22.5
1.3122222222222222,94.4,0.0,0.0,3.6,0.0,0.2,1.8,1.8,92.8,41192,11.8
0.0,96.3,1.1,0.1,0.2,0.0,0.1,2.2,2.8,93.6,26777,13.9
0.6416666666666667,97.3,0.4,0.2,0.9,0.0,0.0,1.2,0.6,96.7,30340,6.7
0.29615384615384616,97.9,0.0,0.0,0.0,0.0,0.3,1.8,0.3,97.9,29006,17.3
12.0,33.6,51.4,0.5,5.9,0.0,3.2,5.5,11.4,28.1,13309,59.1
6.25,86.0,7.0,1.0,1.2,0.0,0.4,4.3,7.3,81.8,25579,20.6
0.44466666666666665,96.3,0.1,0.1,0.7,0.0,0.2,2.7,1.1,95.5,24085,18.9
1.0,99.4,0.0,0.0,0.0,0.0,0.1,0.5,0.2,99.3,32147,7.5
1.4285714285714286,96.1,0.0,0.0,0.5,0.0,0.0,3.3,0.3,95.9,35403,12.8
9.09,100.0,0.0,0.0,0.0,0.0,0.0,0.0,0.0,100.0,26691,0.0
0.7328571428571429,98.8,0.2,0.5,0.0,0.0,0.0,0.5,0.4,98.4,26998,15.8
0.8888888888888888,97.2,0.2,0.1,0.7,0.1,0.2,1.4,1.5,96.5,26148,14.8
1.13625,97.7,0.0,0.0,0.0,0.0,0.4,1.9,7.3,90.8,26000,25.9
0.0,100.0,0.0,0.0,0.0,0.0,0.0,0.0,0.0,100.0,27857,21.0
0.9090909090909091,99.2,0.0,0.0,0.2,0.0,0.0,0.6,1.0,98.3,26231,15.4
7.14,97.2,0.8,0.0,0.4,0.0,0.1,1.5,0.8,96.6,26196,11.8
1.7533333333333332,94.6,1.6,0.1,0.4,0.0,0.3,3.0,2.8,91.7,24853,20.8
0.8333333333333334,99.1,0.0,0.2,0.0,0.0,0.0,0.8,0.2,98.8,32917,6.2
1.19,100.0,0.0,0.0,0.0,0.0,0.0,0.0,5.4,94.6,20192,14.5
0.42769230769230765,98.3,0.2,0.0,0.6,0.0,0.0,0.9,0.7,97.7,26967,12.2
3.485454545454546,98.7,0.0,0.0,0.0,0.0,0.0,1.3,3.9,96.1,26859,25.9
4.271818181818182,98.4,0.9,0.0,0.0,0.0,0.0,0.7,1.0,97.4,26991,13.1
1.153333333333333,98.5,0.4,0.1,0.2,0.0,0.2,0.6,1.0,98.0,23606,16.9
2.856666666666667,98.2,0.0,0.0,0.0,0.0,0.6,1.2,1.5,97.3,22300,12.5
0.8625,92.6,1.6,0.3,3.1,0.0,0.4,2.0,1.8,91.2,30105,10.9
0.8926666666666667,95.8,1.4,0.1,0.6,0.0,0.8,1.4,1.8,95.8,22813,12.0
1.1908333333333332,99.1,0.3,0.0,0.5,0.0,0.0,0.0,0.4,98.7,33651,10.9
2.251875,98.0,0.6,0.5,0.0,0.0,0.1,0.7,1.2,97.0,24895,16.9
3.076363636363636,95.9,1.2,0.6,0.1,0.0,1.2,1.0,0.8,95.7,29148,13.0
1.5313333333333332,99.8,0.0,0.0,0.0,0.0,0.0,0.2,0.0,99.8,36139,7.0
1.7014285714285713,96.2,2.4,0.0,0.8,0.0,0.3,0.3,1.7,94.9,28955,8.4
2.679,93.9,0.0,0.0,4.2,0.0,0.0,1.8,2.8,91.1,28438,13.4
2.380714285714286,96.8,1.0,0.0,0.0,0.0,0.3,1.9,0.0,96.8,28243,14.8
0.0,94.3,0.0,0.0,1.1,0.0,2.1,2.6,2.8,93.6,25769,18.3
0.39666666666666667,99.9,0.1,0.0,0.0,0.0,0.0,0.0,0.5,99.4,29272,10.8
0.0,85.2,5.4,0.2,4.6,0.0,0.2,4.4,5.6,81.3,16984,10.7
4.846153846153846,97.9,0.6,0.0,0.9,0.0,0.0,0.7,0.0,97.9,31919,9.7
0.6541666666666667,99.2,0.0,0.0,0.1,0.0,0.0,0.7,0.5,98.7,35882,2.5
0.0,100.0,0.0,0.0,0.0,0.0,0.0,0.0,0.0,100.0,26172,5.6
0.0,96.7,0.3,0.0,1.9,0.0,0.4,0.7,2.8,95.8,28796,5.9
1.0687499999999999,99.2,0.8,0.0,0.0,0.0,0.0,0.0,2.1,97.1,37211,7.4
0.0,100.0,0.0,0.0,0.0,0.0,0.0,0.0,0.0,100.0,30500,5.9
2.228,95.0,1.2,0.2,0.8,0.3,1.2,1.2,2.4,94.1,29454,16.4
2.7175,95.6,1.2,0.0,0.0,0.0,0.5,2.7,2.4,93.2,29455,15.3
0.0,98.4,0.2,1.1,0.1,0.0,0.0,0.2,0.9,97.7,25507,19.9
0.30833333333333335,79.5,13.7,0.2,0.5,0.0,3.1,3.0,10.2,73.9,27931,8.1
0.0,97.1,0.0,2.9,0.0,0.0,0.0,0.0,0.0,97.1,19896,23.8
0.0,97.0,0.0,0.0,0.4,0.0,0.0,2.5,0.0,97.0,27083,7.5
0.9892857142857142,82.7,11.1,0.6,2.3,0.0,0.8,2.6,5.5,80.5,14932,10.8
0.6257142857142857,92.3,1.3,0.8,0.1,0.0,0.7,4.9,2.2,92.3,27853,9.0
32.144999999999996,99.7,0.0,0.0,0.0,0.0,0.0,0.3,0.0,99.7,29167,13.8
1.6681818181818182,97.6,0.0,0.2,0.9,0.0,0.0,1.3,1.0,96.9,23429,13.8
0.8613333333333333,96.6,1.3,0.0,0.0,0.0,0.1,2.0,0.5,96.2,30618,8.9
4.2090000000000005,93.9,0.5,0.0,3.1,0.0,0.0,2.5,0.0,93.9,27738,15.4
0.0,95.4,3.4,0.0,0.0,0.0,1.2,0.0,11.8,84.8,32250,8.2
4.0280000000000005,94.6,1.4,1.9,0.4,0.3,0.0,1.2,2.7,92.2,27481,17.3
3.1078571428571427,87.1,5.3,0.4,0.0,0.0,0.0,7.1,2.5,85.0,26616,7.1
2.002,95.1,1.7,0.0,0.0,0.0,2.7,0.6,3.0,94.8,28018,20.4
0.0,95.9,0.3,0.0,2.4,0.0,0.6,0.8,2.3,94.2,24609,26.1
0.6486666666666667,90.7,0.8,3.0,0.0,0.0,0.1,5.4,2.1,90.2,31250,10.9
2.0335714285714284,97.9,0.6,0.9,0.0,0.0,0.0,0.6,0.8,97.4,24595,16.6
0.0,100.0,0.0,0.0,0.0,0.0,0.0,0.0,0.0,100.0,26193,11.0
1.6566666666666665,98.8,0.5,0.0,0.2,0.0,0.1,0.5,1.9,97.0,28281,11.4
1.67125,97.0,1.0,0.3,0.8,0.0,0.1,0.8,0.8,96.5,25744,12.6
2.081428571428572,97.7,0.7,0.0,0.5,0.0,0.6,0.6,1.4,97.0,22809,20.6
0.0,98.0,0.5,0.0,1.6,0.0,0.0,0.0,0.0,98.0,23125,5.1
0.9333333333333333,93.8,2.0,0.3,1.8,0.0,0.1,2.1,2.2,92.3,30767,6.8
2.3899999999999997,95.9,0.0,0.0,3.1,0.0,0.0,0.9,3.3,92.6,27300,13.9
1.1119999999999999,96.1,1.2,0.0,0.2,0.0,0.0,2.6,1.6,94.4,23100,12.7
0.8453333333333333,97.9,1.8,0.0,0.0,0.0,0.2,0.1,3.4,95.2,30320,8.2
0.595,96.7,1.1,0.3,1.1,0.0,0.5,0.4,1.1,96.0,21250,20.4
0.0,100.0,0.0,0.0,0.0,0.0,0.0,0.0,1.2,98.8,33984,10.5
1.111,99.1,0.9,0.0,0.0,0.0,0.0,0.0,0.0,99.1,39271,0.0
0.0,100.0,0.0,0.0,0.0,0.0,0.0,0.0,2.7,97.3,27708,16.2
1.67,94.6,1.3,0.0,0.4,0.0,0.5,3.2,2.4,94.3,26242,18.6
3.4840000000000004,96.7,0.0,0.0,0.0,0.0,1.6,1.8,4.9,95.1,31250,4.4
1.0807692307692307,95.7,1.7,0.3,1.4,0.0,0.0,1.0,5.0,91.1,35586,8.0
0.0,98.8,1.2,0.0,0.0,0.0,0.0,0.0,0.0,98.8,29464,8.8
0.5475,98.3,0.4,0.0,0.0,0.0,0.7,0.6,0.7,98.3,31335,8.3
4.285833333333333,98.4,0.5,0.0,0.3,0.0,0.1,0.7,1.3,97.9,29375,10.1
2.0414285714285714,98.2,0.5,0.0,0.0,0.0,0.0,1.3,0.4,98.2,22731,15.6
0.0,100.0,0.0,0.0,0.0,0.0,0.0,0.0,0.0,100.0,30240,11.3
0.0,89.6,0.0,0.0,1.3,0.0,0.0,9.1,0.0,89.6,28125,3.9
2.08375,94.3,1.1,0.0,4.6,0.0,0.0,0.0,0.0,94.3,27083,11.5
1.5553333333333332,87.6,0.0,0.0,4.7,0.0,0.0,7.7,0.9,86.7,35714,5.8
1.8124,94.8,0.5,0.1,1.3,0.1,0.0,3.2,1.6,94.5,26754,13.0
0.3475,96.9,0.1,0.2,0.1,0.0,0.6,2.1,0.8,96.9,23630,14.9
2.256666666666667,96.0,1.4,0.0,1.3,0.0,0.0,1.3,7.1,89.6,25114,12.0
0.0,58.7,14.7,0.3,17.1,0.1,4.8,4.4,12.4,52.6,19096,33.0
1.5,78.3,13.0,0.3,2.6,0.0,2.0,3.8,9.0,73.7,23771,19.6
0.0,83.9,6.3,0.8,2.5,0.1,1.1,5.3,6.7,80.1,24996,20.2
0.0,66.9,15.1,1.7,2.1,0.6,6.4,7.3,22.5,55.3,22109,29.0
0.0,66.4,15.5,2.4,1.7,2.5,3.8,7.7,22.7,53.1,27300,13.2
0.0,97.0,0.4,0.2,0.3,0.0,0.5,1.6,2.1,95.5,24665,13.9
1.0508333333333333,99.0,0.4,0.0,0.0,0.0,0.2,0.4,1.3,97.9,29167,9.3
1.290769230769231,93.7,3.9,0.0,0.9,0.0,0.0,1.5,0.9,93.4,25918,10.9
5.304,97.1,0.0,0.2,0.0,0.0,0.0,2.7,2.7,94.4,25815,18.2
0.0,88.3,1.3,0.0,1.8,0.0,1.3,7.3,1.1,88.1,35792,4.5
0.24666666666666667,94.4,0.6,0.4,1.8,0.0,0.7,2.1,1.4,94.1,31287,16.4
0.0,91.3,0.0,7.2,0.0,0.0,0.0,1.4,0.0,91.3,14766,19.2
1.7973333333333334,98.2,1.8,0.0,0.0,0.0,0.0,0.0,0.3,97.9,29207,4.2
0.0,67.5,16.6,0.0,7.4,0.0,4.1,4.5,6.9,67.2,27282,10.2
0.0,91.3,3.9,0.4,2.1,0.2,1.2,1.1,2.6,90.3,17054,14.9
0.0,95.4,0.5,0.2,1.0,0.0,0.4,2.5,2.2,93.8,30236,8.1
0.0,91.2,2.4,0.0,0.7,0.2,2.1,3.4,4.2,89.3,25527,17.1
1.0116666666666667,98.1,0.1,0.0,0.0,0.0,1.1,0.7,1.6,97.9,23347,14.7
0.0,98.1,0.2,0.0,0.0,0.0,0.0,1.7,1.7,98.1,23750,25.3
0.5126666666666667,97.0,0.3,0.1,0.2,0.0,0.0,2.3,2.2,95.4,26537,14.3
0.0,87.2,7.6,0.0,0.1,0.0,2.6,2.6,5.5,85.7,25644,6.9
2.1463636363636365,98.0,0.3,0.0,0.6,0.2,0.1,0.8,0.9,97.6,28136,13.9
0.238,95.4,0.6,0.2,0.4,0.0,0.3,3.2,3.0,92.6,25625,17.7
0.0,97.8,0.0,0.0,0.0,0.0,0.0,2.2,5.0,92.8,32500,26.6
0.0,97.7,0.9,0.2,0.0,0.0,0.0,1.2,0.5,97.4,23105,18.8
0.0,100.0,0.0,0.0,0.0,0.0,0.0,0.0,0.8,99.2,27000,9.6
0.0,98.9,0.3,0.0,0.0,0.0,0.0,0.8,0.9,98.2,27330,16.1
2.2849999999999997,96.6,0.0,0.0,0.6,0.0,0.1,2.8,0.5,96.3,24653,13.2
0.0,97.5,0.3,0.0,0.9,0.6,0.0,0.6,3.8,95.0,27813,16.0
0.0,69.2,16.0,0.7,4.8,0.0,3.2,6.2,19.8,56.8,29688,4.3
0.0,100.0,0.0,0.0,0.0,0.0,0.0,0.0,9.3,90.7,35522,3.6
0.0,99.2,0.0,0.0,0.0,0.0,0.0,0.8,0.8,99.2,20563,23.2
5.8066666666666675,91.6,4.9,0.2,0.2,0.0,1.9,1.2,3.8,90.4,21606,24.2
3.990666666666667,96.9,0.4,0.1,0.8,0.0,0.0,1.7,0.6,96.5,21940,26.4
0.625,98.7,0.0,0.4,0.4,0.0,0.0,0.4,0.5,98.3,23822,17.0
1.9135714285714285,98.0,0.4,0.0,0.0,0.0,0.0,1.5,2.4,95.6,27500,11.8
1.1215384615384616,97.8,0.5,0.2,0.0,0.7,0.1,0.7,0.8,97.1,28112,11.6
0.0,98.0,0.6,0.3,0.4,0.1,0.4,0.2,0.7,97.6,25722,37.8
0.0,5.4,0.1,81.0,1.6,2.0,4.5,5.4,8.0,5.4,28025,19.7
1.44,99.2,0.2,0.3,0.0,0.0,0.0,0.4,2.4,96.7,25319,14.3
1.3013333333333332,97.6,0.4,0.4,0.0,0.0,0.2,1.3,0.5,97.1,30313,14.0
0.0,100.0,0.0,0.0,0.0,0.0,0.0,0.0,0.6,99.4,22167,27.7
1.25,96.4,0.4,0.6,0.2,0.0,0.0,2.4,2.0,95.6,25202,22.3
1.5033333333333332,95.4,3.1,1.2,0.0,0.0,0.1,0.1,0.3,95.2,34000,12.1
0.0,97.6,0.9,0.0,0.6,0.0,0.0,0.9,0.3,97.3,28750,8.5
1.0,97.6,1.6,0.0,0.0,0.0,0.0,0.8,0.0,97.6,26857,15.0
0.0,96.7,0.0,0.0,0.0,0.0,0.4,2.9,1.2,96.7,21029,33.2
2.6288888888888886,95.9,1.0,1.7,0.1,0.0,0.4,1.0,1.1,95.2,25494,23.1
0.77,95.6,0.2,0.8,1.3,0.1,0.0,1.9,0.5,95.2,28276,12.5
0.0,95.2,0.0,0.7,0.5,0.0,0.0,3.6,2.6,93.8,22955,18.1
0.0,96.3,0.0,0.0,0.0,0.0,0.7,3.0,3.3,95.3,31324,18.7
0.4633333333333333,91.6,2.5,0.6,0.7,0.0,0.3,4.4,4.0,88.5,26393,13.3
0.0,89.5,3.9,0.5,2.7,0.0,1.4,2.0,3.9,87.7,15167,19.9
1.6835714285714285,98.8,0.0,0.0,0.0,0.0,0.5,0.7,2.5,97.5,21512,9.9
0.9464285714285714,93.0,1.0,0.0,0.0,0.0,0.2,5.8,0.2,93.0,20878,29.7
0.5558333333333333,96.7,0.7,0.0,0.5,0.1,0.0,1.9,0.4,96.6,24980,18.4
1.13625,99.5,0.0,0.0,0.5,0.0,0.0,0.0,0.0,99.5,32146,3.1
0.0,97.3,0.0,0.3,0.0,0.0,0.0,2.5,0.0,97.3,31926,9.6
2.009285714285714,94.9,1.1,0.0,0.5,0.0,0.6,2.8,3.8,91.6,34554,11.7
1.5154545454545456,95.7,0.7,0.3,1.1,0.0,0.3,1.8,1.4,94.6,25750,17.6
0.8888888888888888,93.2,1.3,0.4,0.4,0.0,0.2,4.6,4.1,91.7,27420,12.2
0.0,100.0,0.0,0.0,0.0,0.0,0.0,0.0,0.0,100.0,23718,3.7
0.7692307692307693,92.4,2.8,3.1,0.0,0.0,0.0,1.7,1.7,92.4,33500,9.4
0.8323076923076923,98.8,0.0,0.7,0.0,0.0,0.0,0.4,0.0,98.8,18645,13.7
2.3808333333333334,96.6,1.3,0.5,0.8,0.0,0.0,0.8,1.3,95.4,28316,12.6
0.0,98.3,0.0,0.5,0.8,0.0,0.0,0.3,0.3,98.0,25179,10.4
0.0,99.2,0.1,0.0,0.5,0.0,0.0,0.1,1.1,98.2,35337,3.0
1.9483333333333335,98.1,0.2,0.2,0.2,0.0,0.0,1.3,0.9,97.3,28448,9.9
0.33999999999999997,99.9,0.1,0.0,0.0,0.0,0.0,0.0,4.1,95.7,26435,20.4
0.69625,98.9,0.0,0.0,0.4,0.0,0.0,0.7,0.5,98.4,30073,8.9
1.4289999999999998,98.5,0.4,0.0,0.5,0.0,0.0,0.5,2.3,96.6,30417,9.8
0.0,97.5,0.1,0.0,0.0,0.3,0.0,2.1,0.6,97.3,32089,10.6
2.060769230769231,98.6,0.0,0.0,0.0,0.1,0.1,1.3,0.8,98.6,32500,11.4
1.07125,94.9,0.0,1.2,0.2,0.0,1.1,2.5,0.8,94.7,26814,9.3
0.0,97.8,1.5,0.1,0.0,0.0,0.0,0.5,4.6,93.1,30976,15.1
1.1907142857142858,92.3,2.5,0.0,3.1,0.0,0.0,2.1,2.4,89.9,19792,13.9
0.0,99.3,0.0,0.0,0.0,0.0,0.0,0.7,6.0,93.3,31615,22.1
1.7385714285714287,86.0,8.6,0.2,1.2,0.0,1.8,2.2,7.8,81.1,16994,15.4
1.1820689655172414,94.7,1.7,0.2,0.2,0.2,0.2,2.8,2.9,92.5,23333,13.7
0.0,98.6,0.0,0.0,0.0,0.0,0.0,1.4,0.5,98.1,23420,19.2
0.0,100.0,0.0,0.0,0.0,0.0,0.0,0.0,0.0,100.0,28162,18.4
2.2222222222222223,99.2,0.1,0.0,0.0,0.0,0.2,0.5,2.5,97.0,27305,12.9
1.1111111111111112,90.2,4.6,0.1,1.8,0.0,1.0,2.4,3.2,88.4,29256,11.1
0.5492307692307692,99.3,0.7,0.0,0.0,0.0,0.0,0.0,0.3,99.0,27899,6.8
16.67,96.9,0.0,0.0,1.5,0.0,0.0,1.5,0.2,96.9,25938,12.8
0.0,97.4,1.3,0.0,0.0,0.0,0.0,1.3,0.0,97.4,23295,12.1
4.1312500000000005,98.0,0.6,0.0,0.4,0.0,0.2,0.8,2.5,95.7,28904,13.5
0.0,96.1,0.0,0.0,0.0,0.0,0.0,3.9,2.5,93.6,28274,10.4
7.74,91.3,5.1,0.0,1.5,0.0,0.4,1.6,4.2,90.7,26307,6.5
3.037333333333333,94.3,2.2,1.0,0.4,0.0,0.7,1.4,2.1,93.4,21491,14.9
1.3883333333333334,97.1,1.1,1.8,0.0,0.0,0.0,0.0,0.7,96.5,25238,20.4
3.57125,96.8,0.8,0.0,1.0,0.0,0.0,1.4,0.3,96.5,24438,18.2
2.912,93.3,5.3,0.0,0.0,0.0,0.5,0.8,8.3,90.5,27512,16.0
1.7946153846153845,99.0,0.4,0.0,0.0,0.0,0.1,0.5,4.9,94.2,32604,12.5
1.2507142857142857,97.0,0.0,0.0,0.0,0.0,0.0,3.0,0.2,97.0,24754,13.4
0.0,91.1,0.6,3.3,0.0,0.0,0.3,4.6,1.0,90.4,21615,20.6
0.0,85.2,0.0,0.0,1.4,0.0,2.5,10.9,10.1,85.2,22974,0.9
0.8625,96.7,1.2,0.5,0.5,0.0,0.1,0.9,1.5,95.6,26211,9.6
0.0,97.8,0.0,0.0,0.0,0.0,0.0,2.2,0.0,97.8,24355,11.6
0.0,87.6,0.0,0.0,11.0,0.0,0.0,1.4,0.7,87.6,30455,4.6
2.468888888888889,95.4,2.0,0.0,1.1,0.0,0.1,1.4,0.8,94.8,27953,12.7
1.197142857142857,95.6,0.0,0.0,0.6,0.0,0.5,3.3,1.6,94.7,25698,11.4
1.5799999999999998,96.6,0.5,0.0,0.0,0.0,2.4,0.5,4.6,94.4,28884,20.7
0.0,96.5,0.7,0.0,1.9,0.1,0.3,0.6,1.1,95.4,23073,13.0
2.5625,97.5,0.9,0.1,0.1,0.0,0.2,1.2,0.8,96.9,32069,6.6
1.212,96.0,0.7,0.0,1.0,0.0,0.1,2.2,1.6,94.4,28070,9.8
0.0,79.8,0.0,0.0,0.0,0.0,0.0,20.2,0.0,79.8,28281,24.1
0.0,94.9,1.1,0.2,0.9,0.1,0.3,2.5,2.4,94.3,24889,17.4
0.6533333333333333,89.3,4.2,0.2,2.1,0.0,1.9,2.3,6.8,85.6,15133,22.1
0.8925,96.4,0.3,0.1,0.5,0.0,0.0,2.7,0.1,96.4,25686,10.2
1.1375,94.7,1.5,0.2,0.2,0.0,2.5,1.0,4.2,93.3,24781,11.1
1.8522222222222224,99.3,0.7,0.0,0.0,0.0,0.0,0.0,2.1,97.2,19545,33.2
0.5750000000000001,97.3,0.0,1.8,0.5,0.0,0.0,0.4,0.0,97.3,25343,13.3
0.0,97.3,0.0,2.7,0.0,0.0,0.0,0.0,0.3,97.2,23361,14.0
3.4800000000000004,94.3,0.3,0.0,0.4,0.0,2.9,2.1,3.5,94.3,26127,23.0
0.0,93.3,1.1,0.0,2.4,0.0,0.0,3.2,3.5,92.4,23170,15.5
0.0,84.1,1.6,0.0,0.0,1.6,0.0,12.8,2.8,82.3,26979,29.9
1.0207142857142857,98.3,0.0,0.0,0.2,0.0,0.0,1.5,0.8,97.5,29549,14.0
2.9762500000000003,94.7,1.9,0.0,0.0,0.0,0.0,3.4,0.6,94.7,22532,19.0
2.299375,96.3,0.4,0.3,0.0,0.0,2.2,0.8,2.7,96.0,25330,14.8
0.0,98.7,0.2,0.0,0.0,0.0,0.0,1.1,3.4,95.6,25117,24.8
0.0,79.9,2.7,0.0,0.0,0.0,0.0,17.4,0.0,79.9,25625,13.1
1.0416666666666667,98.3,0.4,0.0,0.2,0.1,0.5,0.4,1.7,97.2,31005,8.1
0.0,96.2,2.2,0.0,0.0,0.0,0.0,1.6,6.1,90.1,22326,16.7
1.4285714285714286,98.3,0.0,0.0,0.0,0.0,0.0,1.7,7.3,91.0,28750,6.1
0.0,96.1,1.0,0.0,1.0,0.0,0.8,1.1,1.9,95.1,30323,5.1
0.0,86.7,9.9,0.6,0.0,0.1,1.0,1.7,2.7,85.5,33185,4.7
0.33999999999999997,99.7,0.3,0.0,0.0,0.0,0.0,0.0,3.3,96.4,27328,12.2
0.0,94.3,0.7,1.1,0.7,0.0,0.8,2.5,2.9,92.4,28320,10.8
1.905,97.1,0.3,2.3,0.2,0.0,0.0,0.2,0.2,96.9,31894,14.2
0.0,97.0,1.3,0.0,0.6,0.0,1.0,0.2,3.0,95.0,26444,14.6
0.0,77.4,18.6,0.6,0.4,0.0,1.0,2.0,6.9,73.5,28339,8.0
1.6199999999999999,98.5,0.0,1.2,0.0,0.0,0.1,0.2,9.0,89.7,27741,8.9
2.072,71.3,0.7,22.9,1.7,0.0,1.3,2.0,1.3,70.4,26011,13.4
0.0,90.5,4.5,0.4,0.9,0.0,1.7,2.1,4.1,88.6,25859,16.9
0.3333333333333333,98.2,0.4,0.0,0.8,0.0,0.0,0.6,0.8,97.5,30732,14.8
0.0,99.6,0.0,0.0,0.0,0.0,0.4,0.0,0.7,99.3,38093,1.2
0.0,98.3,1.7,0.0,0.0,0.0,0.0,0.0,0.0,98.3,32383,14.7
0.42,96.4,0.2,2.1,0.1,0.0,0.0,1.2,0.1,96.3,32806,6.5
0.0,99.6,0.0,0.0,0.0,0.0,0.3,0.2,3.0,96.8,29625,8.2
0.714,92.1,1.2,0.0,2.9,0.0,0.0,3.8,1.3,90.8,35908,5.7
0.0,96.9,0.5,0.0,2.5,0.0,0.0,0.2,2.0,95.0,47976,2.6
0.0,98.5,1.2,0.0,0.3,0.0,0.0,0.0,5.2,94.5,39788,4.1
1.9057142857142857,76.2,15.3,0.6,0.1,0.0,5.8,1.9,8.7,75.1,18645,11.0
0.0,95.9,0.5,0.9,0.4,0.0,0.0,2.3,0.5,95.4,30986,12.9
0.0,98.9,0.0,0.0,0.0,0.0,1.1,0.0,3.0,97.0,33856,8.1
0.0,99.4,0.0,0.2,0.0,0.0,0.0,0.4,2.3,97.0,31033,5.6
2.04375,99.1,0.0,0.0,0.9,0.0,0.0,0.0,1.8,97.3,23196,13.5
0.0,94.6,2.2,0.5,0.7,0.0,0.9,1.1,2.4,93.8,31744,9.0
0.0,97.9,0.5,0.0,0.0,0.0,0.7,0.9,2.3,96.7,30542,11.7
0.0,97.8,0.6,0.2,0.3,0.0,0.0,1.1,1.2,96.9,34193,7.5
0.5915384615384616,86.3,2.0,1.1,0.0,0.0,9.5,1.2,9.1,85.4,32995,3.4
0.0,97.0,0.0,0.0,0.0,0.0,0.0,3.0,1.1,96.3,27701,5.5
0.0,99.2,0.0,0.0,0.1,0.0,0.5,0.2,1.7,98.0,35431,5.1
1.278,88.4,1.2,0.0,0.2,0.0,8.1,2.0,12.3,84.4,28389,5.5
0.0,99.7,0.0,0.0,0.2,0.0,0.0,0.1,0.1,99.7,34421,3.1
0.0,96.3,0.0,0.0,0.3,0.0,0.0,3.5,2.0,94.2,28167,17.3
2.2638461538461536,94.2,1.6,1.3,0.1,0.0,1.4,1.4,5.5,90.3,26875,15.2
0.4807692307692308,98.7,0.0,0.1,0.0,0.0,0.1,1.2,0.1,98.7,25711,11.6
2.3609999999999998,97.6,1.7,0.7,0.0,0.0,0.0,0.0,0.0,97.6,26776,9.4
0.0,94.3,1.1,0.6,0.7,0.5,1.3,1.5,2.4,93.9,32019,8.2
0.0,88.5,3.1,0.0,7.3,0.0,0.3,0.8,3.3,85.6,35386,8.4
0.0,99.0,0.1,0.9,0.0,0.0,0.0,0.0,0.0,99.0,27602,2.1
1.8738888888888887,74.0,9.7,7.0,1.3,0.1,4.1,4.0,4.8,73.5,21422,21.2
0.0,94.9,1.3,0.1,1.6,0.0,1.2,0.9,2.8,93.2,36643,6.3
2.3316666666666666,98.2,0.0,0.0,0.3,0.0,0.0,1.5,0.8,97.4,31098,7.2
0.5492307692307692,57.9,0.8,33.6,0.9,0.3,1.5,4.9,3.5,56.4,29208,16.2
0.0,100.0,0.0,0.0,0.0,0.0,0.0,0.0,0.0,100.0,32016,2.1
0.0,98.3,0.5,0.0,0.8,0.2,0.2,0.0,1.4,97.0,41310,1.3
0.0,97.4,1.1,0.1,0.6,0.0,0.2,0.6,1.8,96.0,39159,4.4
0.0,75.6,0.0,23.8,0.0,0.0,0.7,0.0,1.7,75.0,26199,15.8
0.0,91.2,1.0,3.1,2.1,0.0,0.9,1.7,2.2,89.9,33905,6.9
0.0,91.0,4.5,0.1,1.2,0.0,0.7,2.5,3.3,88.8,30042,11.6
1.4528571428571428,95.2,0.5,1.5,0.2,0.0,0.3,2.2,3.6,92.8,30589,16.1
2.2885714285714287,99.7,0.0,0.0,0.0,0.0,0.0,0.3,2.9,96.9,24198,9.5
0.0,96.6,0.0,3.4,0.0,0.0,0.0,0.0,0.0,96.6,40889,0.0
14.29,88.4,5.7,0.2,1.3,0.2,1.6,2.7,4.8,85.8,25216,13.2
0.0,97.0,0.7,0.2,0.1,0.0,1.0,0.9,0.7,96.8,31408,8.0
2.223333333333333,98.5,0.7,0.3,0.0,0.0,0.1,0.4,0.4,98.2,29767,7.5
0.0,93.5,0.7,3.9,0.7,0.0,0.0,1.3,1.3,92.3,29603,6.1
1.3888888888888888,100.0,0.0,0.0,0.0,0.0,0.0,0.0,1.3,98.7,30638,7.7
0.0,95.0,1.7,0.3,1.1,0.0,0.3,1.6,1.8,93.6,31412,7.7
0.0,95.7,1.3,0.6,0.5,0.0,0.8,1.2,1.9,94.4,27385,10.8
1.8522222222222224,100.0,0.0,0.0,0.0,0.0,0.0,0.0,0.0,100.0,26058,36.4
1.1853333333333333,76.5,0.3,16.1,4.5,0.0,0.3,2.3,1.9,75.0,26393,11.8
0.0,100.0,0.0,0.0,0.0,0.0,0.0,0.0,6.8,93.2,25694,12.7
2.38,95.7,0.9,0.3,0.9,0.0,0.7,1.4,0.8,95.6,33820,7.9
1.39,88.4,2.2,6.7,1.4,0.0,0.6,0.7,2.3,86.8,27963,9.2
3.57,96.3,1.0,0.6,0.0,0.0,0.2,1.9,3.7,92.8,25704,12.4
0.4383333333333333,96.8,0.2,0.5,0.0,0.0,1.1,1.4,2.3,95.7,27309,19.6
1.1363636363636365,92.7,0.0,0.0,6.9,0.0,0.4,0.0,1.2,92.0,37420,5.8
7.145,96.7,1.0,1.1,0.4,0.0,0.2,0.6,1.3,95.6,30005,9.3
0.6408333333333334,94.4,1.0,0.3,1.4,0.0,0.0,2.9,0.4,93.9,25130,12.2
0.0,96.8,0.8,2.3,0.0,0.0,0.0,0.0,0.4,96.5,31117,6.0
0.0,91.3,2.8,0.6,1.6,0.0,0.7,3.0,3.5,89.6,30107,10.1
0.6492857142857142,96.7,2.6,0.0,0.2,0.0,0.6,0.0,0.8,96.4,34833,6.4
0.0,100.0,0.0,0.0,0.0,0.0,0.0,0.0,55.7,44.3,10703,93.7
0.588,97.9,0.0,0.0,0.0,0.0,0.0,2.1,4.3,95.2,35343,7.6
0.0,94.4,0.0,0.3,0.0,0.0,0.0,5.4,0.9,93.4,32207,11.5
0.35000000000000003,97.1,1.8,0.2,0.3,0.0,0.1,0.5,0.0,97.1,37232,5.8
3.3340000000000005,100.0,0.0,0.0,0.0,0.0,0.0,0.0,0.0,100.0,29712,3.9
0.0,96.9,0.6,0.6,0.2,0.0,0.8,0.8,2.0,95.7,31606,5.6
0.0,56.1,17.4,0.8,1.7,0.0,19.3,4.7,36.6,42.6,20883,35.8
15.3775,61.1,24.3,0.0,1.0,0.0,9.3,4.3,19.2,54.6,29878,15.4
3.82125,34.9,48.0,0.0,3.5,0.0,12.5,1.0,16.1,32.8,25163,38.6
7.14,19.2,72.3,0.0,1.2,0.0,4.1,3.2,10.5,15.5,18097,34.0
3.57,15.1,78.4,0.1,3.0,0.0,1.2,2.3,3.4,14.6,16154,37.3
8.615,46.3,44.7,0.2,2.2,0.0,3.2,3.4,5.5,44.3,22189,30.7
0.0,92.3,5.1,0.3,0.5,0.0,0.3,1.4,2.9,90.1,33774,8.6
0.0,87.9,4.1,0.2,5.7,0.0,0.7,1.3,2.8,86.4,40361,6.0
9.19,73.4,13.8,0.1,5.2,0.0,4.3,3.2,7.8,71.2,30038,14.5
0.0,90.2,4.4,0.2,2.0,0.0,1.3,1.8,4.0,89.1,34809,6.9
12.5,96.8,1.3,0.1,0.3,0.0,0.6,0.7,1.7,95.9,33005,6.5
5.56,77.8,10.0,0.3,7.9,0.0,0.7,3.2,3.0,75.8,35775,13.1
0.0,90.6,3.6,0.2,4.1,0.0,0.2,1.3,3.1,88.4,29595,8.2
0.0,72.3,7.9,0.2,14.0,0.1,1.1,4.3,5.0,70.2,27127,22.1
0.0,91.0,9.0,0.0,0.0,0.0,0.0,0.0,0.0,91.0,11797,52.9
7.41,64.7,23.3,3.4,1.4,0.1,0.3,6.9,7.0,60.2,20634,35.5
6.25,82.7,12.0,0.3,0.8,0.0,2.2,2.1,5.9,79.4,25049,18.2
0.0,95.9,0.2,0.0,1.8,0.0,0.2,1.9,1.2,94.9,31852,7.9
0.0,90.9,0.3,0.2,1.7,0.0,0.5,6.4,0.8,90.8,26081,11.9
0.6941666666666667,99.7,0.0,0.0,0.0,0.0,0.0,0.3,4.4,95.3,36131,11.8
0.0,91.1,2.0,0.0,1.8,0.0,2.7,2.3,7.1,87.8,22012,15.5
0.6666666666666666,98.7,0.3,0.2,0.6,0.0,0.0,0.2,0.6,98.1,28023,10.3
0.0,92.8,2.0,0.0,1.9,0.0,1.4,1.9,2.3,92.5,30643,7.9
0.9071428571428571,96.8,1.3,0.5,0.7,0.0,0.0,0.8,2.4,94.4,30725,13.6
0.0,97.8,0.7,0.0,0.2,0.0,0.0,1.3,2.4,95.8,34232,6.6
0.0,96.1,1.8,0.0,0.1,0.0,1.0,1.1,3.2,94.5,25194,10.3
0.9046666666666667,96.5,1.7,0.8,0.1,0.0,0.0,0.9,1.8,94.9,35984,10.8
0.0,89.7,7.1,0.2,0.0,0.0,1.1,1.9,4.0,86.7,22372,19.2
0.0,96.5,0.0,0.0,0.0,0.0,0.0,3.5,18.9,81.1,25750,11.0
0.0,92.3,1.6,0.1,4.0,0.0,0.4,1.6,3.4,89.5,41055,5.5
3.0875,90.8,2.7,0.1,3.3,0.0,0.3,2.7,3.7,88.4,11883,28.2
0.0,95.1,0.0,0.0,0.8,0.0,1.4,2.7,1.4,95.1,31953,11.6
0.0,94.8,3.7,0.0,0.4,0.0,0.1,1.1,1.7,93.2,27512,8.9
0.5555555555555556,97.9,0.0,0.0,0.0,0.0,0.9,1.2,2.5,96.7,31399,5.4
0.0,79.1,9.2,0.2,7.0,0.0,2.6,2.0,2.9,76.3,31315,14.3
0.0,96.9,1.0,0.2,0.6,0.0,0.4,0.9,3.9,93.9,33838,4.7
0.0,98.0,0.6,0.1,0.0,0.0,0.4,0.8,1.3,97.3,31019,8.3
20.0,95.7,1.8,0.4,0.4,0.1,0.1,1.7,2.8,93.2,26501,13.8
0.0,94.2,0.0,2.2,0.2,0.0,0.0,3.4,9.6,84.6,27788,2.7
0.0,96.5,0.7,0.0,1.8,0.0,0.0,1.0,1.4,95.2,40158,8.8
0.0,96.9,0.0,0.0,0.0,0.0,3.1,0.0,12.8,87.2,36012,5.1
0.8366666666666667,96.8,0.7,0.7,0.0,0.0,0.9,0.9,4.0,93.7,31585,13.3
2.212,98.1,0.0,0.0,0.0,0.0,0.0,1.9,1.5,96.6,32533,15.5
1.5877777777777777,80.3,4.4,2.2,8.5,0.0,3.9,0.7,5.4,79.8,6024,0.0
0.0,86.0,6.5,0.0,7.5,0.0,0.0,0.0,0.0,86.0,14274,44.3
0.0,92.3,0.8,0.8,0.5,0.0,4.3,1.3,5.2,91.4,29627,11.9
0.9266666666666666,93.1,0.4,0.0,2.5,0.1,2.1,1.9,3.9,91.3,26325,8.6
0.0,96.7,0.5,0.3,0.5,0.2,0.0,1.8,1.1,96.2,36403,4.6
0.5492857142857143,98.8,0.0,0.1,0.0,0.0,0.0,1.1,2.5,96.4,28427,7.9
0.0,99.3,0.0,0.7,0.0,0.0,0.0,0.0,0.0,99.3,53994,1.2
2.1192307692307693,95.7,1.5,0.0,0.2,0.2,0.6,1.8,3.3,95.1,27730,18.8
0.0,94.2,4.1,0.0,0.0,0.0,1.3,0.3,15.9,80.6,24424,21.6
0.0,94.8,1.5,0.0,0.0,0.0,0.0,3.7,0.0,94.8,35577,11.3
0.6492857142857142,98.0,0.3,0.1,0.5,0.0,0.1,1.0,1.2,97.0,28520,13.2
0.0,89.7,3.2,0.0,2.0,0.0,0.0,5.1,3.7,87.3,34318,9.0
1.8250000000000004,94.6,1.5,0.1,0.2,0.0,3.1,0.6,8.3,89.3,31370,7.5
0.0,97.0,0.7,0.0,1.7,0.0,0.0,0.6,0.4,96.9,24497,17.2
0.0,95.5,0.7,1.2,0.9,0.0,0.9,0.7,1.8,94.6,24019,11.8
3.296315789473684,94.8,1.7,0.5,0.0,0.0,2.7,0.3,3.0,94.6,33057,5.7
0.0,90.5,3.2,0.2,3.7,0.0,0.2,2.1,3.7,87.5,40466,4.0
0.0,94.9,0.7,0.2,0.2,0.0,1.6,2.4,4.0,92.6,27721,11.0
0.0,99.3,0.1,0.0,0.2,0.0,0.0,0.4,0.0,99.3,31552,5.6
0.7572727272727273,98.0,0.0,0.0,0.9,0.0,0.0,1.0,0.7,97.4,35087,4.0
0.0,88.0,1.8,0.0,8.1,0.1,0.4,1.6,1.9,86.6,50314,2.4
0.0,96.0,0.0,0.0,1.1,0.0,0.0,2.9,3.1,93.3,27266,19.2
0.0,86.8,0.0,0.0,0.0,0.0,0.0,13.2,0.0,86.8,31742,2.9
1.1118181818181818,70.2,24.3,1.0,0.0,0.0,2.5,2.0,10.2,64.9,23199,10.4
14.29,100.0,0.0,0.0,0.0,0.0,0.0,0.0,0.0,100.0,19583,31.4
0.0,96.2,2.8,0.0,0.2,0.0,0.3,0.5,6.8,91.1,34052,4.6
0.42,96.6,0.7,0.2,0.0,0.0,0.0,2.5,2.7,94.1,26744,13.3
0.0,90.7,7.3,0.0,0.5,0.0,0.0,1.5,3.9,89.1,30792,12.6
0.5750000000000001,98.2,0.8,0.2,0.0,0.0,0.0,0.8,0.0,98.2,32794,14.0
0.0,100.0,0.0,0.0,0.0,0.0,0.0,0.0,0.0,100.0,31563,0.0
1.5414285714285716,95.2,0.3,1.4,1.0,0.0,0.2,1.8,1.5,93.9,26516,16.0
0.0,97.1,1.3,0.1,0.3,0.0,0.2,1.0,6.5,90.8,35131,8.2
0.9261111111111112,99.2,0.1,0.0,0.0,0.0,0.5,0.2,0.9,98.9,31605,13.0
1.0975,99.1,0.1,0.0,0.3,0.0,0.0,0.4,1.5,97.6,32433,7.9
0.0,94.7,1.3,0.0,0.3,0.0,0.8,2.9,1.9,93.6,31110,15.8
1.2344444444444445,93.1,3.7,1.0,0.8,0.0,1.4,0.0,1.9,92.6,26729,26.2
1.5163636363636364,96.6,0.8,0.4,0.0,0.0,0.0,2.2,0.6,96.1,26196,11.5
0.0,74.2,7.5,0.6,10.9,0.0,1.4,5.3,3.9,71.6,39375,8.1
0.5126666666666667,97.6,1.4,0.0,0.0,0.0,0.1,0.9,0.1,97.6,30541,9.7
0.0,100.0,0.0,0.0,0.0,0.0,0.0,0.0,0.0,100.0,31141,0.0
0.0,57.6,32.1,0.0,3.0,0.0,1.3,6.0,10.4,48.5,15417,41.0
10.0,27.7,53.5,2.3,3.1,0.1,7.9,5.3,34.7,10.7,12204,48.2
0.0,81.9,11.8,0.3,3.0,0.0,1.0,2.0,4.9,79.6,30148,23.0
13.33,23.6,62.6,1.2,7.2,0.0,2.6,2.8,9.6,19.0,15643,48.1
0.0,87.2,5.7,0.1,2.3,0.0,1.2,3.4,5.9,83.4,39922,8.5
11.76,26.2,65.8,0.8,0.5,0.0,3.0,3.8,11.1,21.0,16447,41.6
17.65,41.1,42.3,0.3,7.1,0.0,2.3,6.9,21.8,27.8,19824,28.2
5.56,67.2,23.3,0.1,3.0,0.0,2.5,3.9,13.1,58.1,23513,22.7
0.0,83.1,9.2,0.4,2.6,0.0,1.9,2.8,5.6,79.6,28714,10.5
0.0,91.7,4.2,0.2,1.1,0.0,0.9,1.9,6.0,87.2,35792,6.3
0.0,84.5,4.5,0.1,7.8,0.1,0.9,2.2,4.0,81.9,38569,8.0
12.5,19.1,74.3,0.7,0.7,0.0,1.8,3.4,7.7,16.8,20749,27.6
0.0,72.1,14.7,0.3,8.8,0.1,1.2,2.7,6.6,67.8,25678,22.1
0.0,71.8,10.1,0.6,14.1,0.0,1.3,2.1,4.5,69.0,20907,21.2
0.0,95.8,0.5,0.2,1.6,0.0,1.0,0.8,2.8,94.4,38909,4.5
0.0,87.2,5.8,0.2,3.0,0.0,0.4,3.3,4.9,83.4,31097,7.2
0.0,95.8,0.7,0.5,1.8,0.0,0.3,0.9,1.0,95.1,26567,12.8
1.2815384615384615,97.4,0.0,0.0,1.5,0.0,0.1,1.0,1.5,96.0,26412,11.7
1.655,98.4,0.0,0.0,0.9,0.0,0.3,0.4,1.5,96.9,27453,10.5
2.7666666666666666,96.9,0.0,0.0,0.7,0.0,0.5,1.9,2.8,94.6,25000,18.0
0.4046153846153846,99.0,1.0,0.0,0.0,0.0,0.0,0.0,0.3,98.7,27976,11.3
0.0,98.2,0.0,0.0,0.0,0.0,0.0,1.8,0.0,98.2,28333,14.3
1.4355555555555555,97.4,0.4,1.2,0.5,0.0,0.0,0.5,0.5,96.8,22031,19.1
2.105,83.7,10.7,0.0,0.1,0.0,4.9,0.6,9.0,80.7,18106,20.0
0.0,96.4,0.0,1.5,0.0,0.0,0.0,2.1,0.6,95.7,22039,4.9
0.6407692307692308,87.8,5.5,0.1,1.0,0.0,3.7,1.8,4.6,87.3,26915,10.4
2.3721428571428573,97.9,0.6,0.2,0.1,0.0,0.0,1.3,1.1,96.8,25253,18.5
2.02,96.7,0.0,0.0,2.3,0.0,0.0,1.0,5.9,90.8,22609,21.9
1.6670000000000003,98.8,0.5,0.0,0.2,0.0,0.0,0.5,0.3,98.5,29375,15.2
2.4250000000000003,99.2,0.2,0.0,0.2,0.0,0.0,0.4,0.0,99.2,24442,9.9
4.422857142857143,99.7,0.0,0.1,0.0,0.0,0.0,0.2,1.0,98.7,23448,32.8
3.0324999999999998,96.8,0.2,0.0,0.5,0.0,0.5,2.0,1.2,95.8,26500,13.3
0.0,96.7,0.0,0.0,0.0,0.0,0.0,3.3,0.0,96.7,24286,9.1
2.7783333333333338,98.2,0.0,0.0,0.6,0.0,0.1,1.1,0.2,98.1,33292,11.5
0.0,95.3,1.4,1.0,0.0,0.0,0.7,1.6,3.3,92.7,30329,9.3
0.0,96.6,0.8,0.0,0.9,0.0,0.6,1.1,1.8,95.5,23965,18.3
1.27,98.6,0.0,0.1,0.0,0.0,0.5,0.8,0.5,98.5,22190,23.7
0.0,100.0,0.0,0.0,0.0,0.0,0.0,0.0,0.0,100.0,30000,14.7
3.38,97.8,0.1,0.2,0.3,0.0,0.1,1.6,2.1,96.5,25694,15.6
0.44625,98.6,0.9,0.0,0.0,0.0,0.5,0.0,0.5,98.6,27854,5.4
3.0115384615384615,96.9,0.0,0.0,0.5,0.0,0.0,2.5,0.0,96.9,22347,18.8
0.0,99.4,0.0,0.0,0.0,0.0,0.3,0.3,0.9,98.8,22036,7.5
0.8266666666666665,96.4,0.1,2.0,0.2,0.0,0.1,1.1,0.1,96.4,27724,13.1
1.3957142857142857,96.1,2.6,0.0,0.0,0.0,0.0,1.3,0.6,95.5,27303,13.9
0.0,87.4,5.0,0.3,5.4,0.0,0.9,1.1,3.6,85.6,7439,13.2
1.17,97.2,0.0,1.4,0.1,0.0,0.2,1.1,2.2,95.5,26056,16.2
0.0,70.9,0.0,27.6,0.3,0.0,0.0,1.2,1.1,70.9,17667,36.9
0.0,97.6,0.4,0.0,1.2,0.0,0.0,0.8,0.7,96.9,30183,8.8
0.0,99.0,0.4,0.6,0.0,0.0,0.0,0.0,2.1,96.9,21979,18.4
2.0414285714285714,99.5,0.0,0.0,0.0,0.0,0.0,0.5,0.2,99.4,27679,15.2
0.5892857142857143,93.3,2.0,2.0,0.0,0.0,1.2,1.5,3.1,92.2,24502,13.7
0.3076923076923077,94.7,2.6,0.0,0.5,0.3,1.1,0.7,2.5,93.4,28229,15.2
0.0,98.3,0.0,0.0,0.0,0.0,1.1,0.6,1.7,98.1,24909,21.7
0.0,99.8,0.2,0.0,0.0,0.0,0.0,0.0,0.0,99.8,20461,21.2
1.71875,97.8,0.0,0.3,0.3,0.0,0.3,1.2,1.2,96.6,29923,13.5
0.0,96.0,0.3,1.2,0.1,0.0,0.0,2.5,2.7,94.9,24694,14.0
0.0,100.0,0.0,0.0,0.0,0.0,0.0,0.0,2.4,97.6,23750,12.2
0.7328571428571429,98.0,0.8,0.0,0.0,0.0,0.6,0.5,1.8,96.9,22563,12.9
0.0,92.4,0.0,0.0,0.0,0.0,0.0,7.6,0.0,92.4,20800,9.8
0.255,97.7,0.0,0.0,0.1,0.0,0.0,2.2,0.8,96.9,26000,11.0
1.6780000000000002,96.4,1.0,0.1,0.3,0.0,0.0,2.2,1.6,94.8,22658,21.8
0.0,43.2,1.3,43.9,11.6,0.0,0.0,0.0,0.0,43.2,22371,24.0
0.0,98.6,0.0,0.0,0.7,0.0,0.0,0.7,0.7,97.9,25101,26.1
3.85,98.3,0.1,0.0,1.4,0.0,0.3,0.0,6.7,91.8,24402,16.4
0.0,82.2,9.8,0.5,4.0,0.0,2.5,1.0,7.4,78.1,4425,35.2
0.0,94.6,1.5,0.0,3.5,0.0,0.0,0.4,0.1,94.4,28125,15.7
0.0,95.9,0.2,0.0,2.6,0.0,0.0,1.2,0.4,95.5,28893,11.8
0.6990909090909091,97.2,1.9,0.5,0.0,0.0,0.0,0.3,2.1,95.1,25865,15.5
1.0261538461538462,98.8,0.0,0.0,0.9,0.0,0.0,0.2,1.3,97.6,26440,15.7
0.6257142857142857,98.5,0.2,0.0,0.3,0.0,0.5,0.4,1.2,97.3,24969,13.2
6.897999999999999,97.5,0.0,0.0,0.0,0.0,0.8,1.6,2.3,96.9,22750,8.8
1.1984615384615385,97.6,0.6,0.0,0.2,0.3,0.8,0.6,1.0,97.0,26056,15.9
0.3448275862068966,97.2,1.5,0.0,0.4,0.0,0.6,0.3,2.2,95.6,27067,12.9
2.7626666666666666,94.6,2.5,0.3,0.2,0.0,0.5,1.9,1.3,94.0,25037,21.6
0.0,99.5,0.5,0.0,0.0,0.0,0.0,0.0,0.0,99.5,40500,2.8
0.0,98.4,1.1,0.0,0.0,0.0,0.4,0.0,1.6,97.3,24250,18.0
0.0,94.7,0.0,1.5,0.0,0.0,0.0,3.9,12.4,86.2,42768,1.5
1.7492857142857143,86.4,6.4,0.0,1.6,0.0,0.0,5.6,2.4,84.7,28129,9.6
4.582857142857143,97.1,0.0,0.0,0.5,0.0,0.0,2.4,1.3,95.8,26250,6.7
1.5274999999999999,99.0,0.0,0.0,0.0,0.1,0.0,0.9,0.0,99.0,15313,35.8
2.3072727272727276,99.3,0.2,0.0,0.0,0.0,0.2,0.2,1.0,98.6,22989,20.7
1.1190909090909091,98.5,0.5,0.5,0.2,0.0,0.1,0.2,1.7,96.9,28464,12.3
0.0,96.1,0.0,0.0,1.9,0.0,2.1,0.0,2.2,93.9,25417,13.5
1.3333333333333333,98.4,0.7,0.0,0.3,0.0,0.2,0.4,0.6,97.9,24814,13.9
0.0,93.6,0.0,0.2,5.0,0.0,0.0,1.2,2.0,91.6,22351,10.4
0.0,98.6,0.1,0.0,0.0,0.0,0.0,1.3,0.0,98.6,27292,8.7
2.9371428571428573,99.0,0.3,0.1,0.0,0.0,0.0,0.5,2.4,96.6,24451,17.4
7.14,92.8,2.7,0.2,2.0,0.0,0.3,1.9,1.4,91.9,29147,12.1
0.0,99.6,0.0,0.0,0.0,0.0,0.0,0.4,0.0,99.6,36782,6.3
5.7057142857142855,96.7,1.0,0.0,0.2,0.0,1.0,1.1,0.9,96.5,24668,13.6
0.0,96.9,0.5,0.1,0.5,0.0,0.4,1.6,0.3,96.9,30078,9.8
0.0,99.9,0.0,0.0,0.0,0.0,0.0,0.1,0.0,99.9,28050,26.2
1.7814285714285714,96.5,2.2,0.0,0.0,0.0,0.3,1.0,1.2,95.8,30770,6.9
0.0,98.1,0.0,0.0,0.0,0.0,0.0,1.9,0.0,98.1,21522,18.4
4.807777777777777,100.0,0.0,0.0,0.0,0.0,0.0,0.0,0.0,100.0,22744,25.2
15.38,95.0,0.8,0.2,0.7,0.0,0.5,3.0,2.4,93.6,22934,18.5
0.0,91.8,1.6,0.0,4.8,0.0,0.1,1.7,1.4,90.8,33519,7.4
0.0,99.9,0.1,0.0,0.0,0.0,0.0,0.0,0.5,99.4,28571,9.9
2.8214285714285716,96.2,0.5,0.6,0.7,0.0,0.0,2.1,1.6,94.8,26750,12.4
0.0,73.6,4.7,0.3,15.3,0.0,1.5,4.6,5.7,70.1,23047,25.9
4.3545454545454545,99.2,0.1,0.0,0.4,0.0,0.4,0.0,0.4,99.2,26607,12.5
0.0,97.0,0.0,0.0,0.0,0.0,0.0,3.0,0.5,96.8,26000,16.3
0.0,91.1,0.0,0.0,0.0,0.0,0.0,8.9,2.0,89.1,27031,8.1
3.125,99.0,0.0,0.1,0.3,0.0,0.7,0.0,0.9,98.8,28566,8.1
2.315,100.0,0.0,0.0,0.0,0.0,0.0,0.0,0.0,100.0,29440,11.9
0.8925,94.7,0.0,0.0,0.2,0.0,3.7,1.4,5.7,92.7,24917,18.9
2.1335714285714285,97.4,1.7,0.2,0.2,0.0,0.5,0.0,0.6,97.3,24517,19.6
0.0,93.9,1.4,0.8,1.3,0.0,0.0,2.6,3.4,91.5,30280,12.8
1.6071428571428572,97.9,0.5,0.2,0.0,0.0,0.0,1.5,0.3,97.5,26134,11.8
0.0,86.0,3.5,0.0,8.1,0.0,0.4,2.0,2.2,84.2,33389,7.9
0.0,92.9,5.5,0.0,0.1,0.0,0.5,1.0,4.3,89.8,36010,5.6
0.0,90.9,5.5,0.0,0.0,0.0,0.0,3.6,0.7,90.2,36486,9.0
4.972666666666667,97.3,0.6,0.0,0.5,0.0,0.8,0.8,3.7,94.4,23806,11.9
0.0,95.2,0.0,0.0,0.0,0.0,0.0,4.8,0.0,95.2,25714,14.9
16.665,97.8,0.0,0.0,1.2,0.0,0.0,1.0,3.2,95.6,31319,5.0
0.41363636363636364,95.1,0.6,0.4,1.5,0.0,0.8,1.5,1.7,94.4,29081,15.2
0.0,98.1,0.4,0.0,0.0,0.0,0.5,1.0,1.0,97.5,25550,12.8
1.2428571428571427,90.9,1.1,0.0,2.5,0.0,2.2,3.2,5.3,87.9,40268,9.6
0.9213636363636364,92.4,2.3,0.2,1.5,0.0,1.6,2.1,2.9,91.2,24858,11.6
0.0,99.4,0.0,0.0,0.6,0.0,0.0,0.0,0.1,99.2,26719,22.8
0.8888888888888888,97.0,0.6,0.0,0.7,0.0,0.0,1.7,1.7,95.4,30138,11.0
2.2376923076923076,98.3,0.4,0.2,0.0,0.0,0.0,1.0,1.7,96.7,27600,9.1
0.6900000000000001,94.5,2.4,0.1,0.6,0.0,0.2,2.1,3.7,92.1,22679,16.1
0.0,97.2,0.9,0.0,0.2,0.0,0.0,1.7,2.0,95.6,22901,19.8
0.0,97.2,0.6,0.1,0.0,0.0,0.0,2.1,0.6,96.6,21875,17.2
1.19,100.0,0.0,0.0,0.0,0.0,0.0,0.0,0.3,99.7,25259,14.0
1.9530769230769232,99.9,0.0,0.0,0.0,0.0,0.0,0.1,0.0,99.9,23438,28.8
16.67,73.5,18.4,0.4,0.6,0.0,0.6,6.5,4.9,71.2,16612,35.9
0.0,93.0,1.2,0.0,2.4,0.0,0.2,3.1,0.7,92.6,31286,11.9
4.75,93.0,4.5,0.0,0.3,0.1,0.8,1.2,2.2,92.2,35618,14.0
